Participant,Condition,BPM,NoStim_BPM,Delta_BPM
P1,1,65.24677068,60.18939141,5.057379269999998
P1,2,62.7229157,60.18939141,2.5335242900000026
P1,3,72.96629963,60.18939141,12.776908219999996
P1,4,60.32538424,60.18939141,0.1359928299999993
P1,5,64.65972701,60.18939141,4.4703355999999985
P1,6,60.18939141,60.18939141,0.0
P1,7,67.27005506,60.18939141,7.080663650000005
P1,8,62.91045132,60.18939141,2.721059910000001
P1,9,61.48571674,60.18939141,1.296325330000002
P2,1,80.13906886,79.82446171,0.3146071500000005
P2,2,78.92134349,79.82446171,-0.9031182199999961
P2,3,80.28304791,79.82446171,0.45858619999999917
P2,4,80.33710614,79.82446171,0.5126444300000088
P2,5,79.88107125,79.82446171,0.05660954000001084
P2,6,79.82446171,79.82446171,0.0
P2,7,84.20283605,79.82446171,4.378374340000008
P2,8,82.96004323,79.82446171,3.1355815200000023
P2,9,81.3344899,79.82446171,1.5100281899999999
P3,1,67.43418817,69.33047753,-1.8962893599999973
P3,2,68.63111579,69.33047753,-0.6993617400000005
P3,3,66.40751843,69.33047753,-2.9229591
P3,4,68.16731776,69.33047753,-1.163159769999993
P3,5,67.32879197,69.33047753,-2.0016855599999985
P3,6,69.33047753,69.33047753,0.0
P3,7,67.4336727,69.33047753,-1.8968048299999936
P3,8,66.87125227,69.33047753,-2.4592252599999966
P3,9,67.06911268,69.33047753,-2.2613648499999925
P4,1,73.59342126,75.1108732,-1.5174519400000008
P4,2,75.52823489,75.1108732,0.4173616899999928
P4,3,72.29807939,75.1108732,-2.8127938100000023
P4,4,75.00703588,75.1108732,-0.10383731999999668
P4,5,72.49031535,75.1108732,-2.6205578499999973
P4,6,75.1108732,75.1108732,0.0
P4,7,76.97034263,75.1108732,1.8594694300000043
P4,8,80.51450747,75.1108732,5.403634269999998
P4,9,78.16702841,75.1108732,3.05615521
P5,1,89.29503196,89.86418166,-0.569149699999997
P5,2,80.59069362,89.86418166,-9.273488040000004
P5,3,89.92477666,89.86418166,0.060595000000006394
P5,4,62.83003585,89.86418166,-27.03414581
P5,5,89.17653985,89.86418166,-0.6876418100000024
P5,6,89.86418166,89.86418166,0.0
P5,7,90.59341047,89.86418166,0.7292288099999951
P5,8,84.91081844,89.86418166,-4.95336322
P5,9,82.10965304,89.86418166,-7.754528620000002
P6,1,67.88026918,64.62308495,3.257184229999993
P6,2,66.48331367,64.62308495,1.860228719999995
P6,3,64.77490452,64.62308495,0.15181957000000068
P6,4,69.25957447,64.62308495,4.636489519999998
P6,5,65.88481092,64.62308495,1.2617259700000005
P6,6,64.62308495,64.62308495,0.0
P6,7,66.23981526,64.62308495,1.6167303099999941
P6,8,67.1553262,64.62308495,2.5322412499999984
P6,9,71.10833757,64.62308495,6.485252619999997
P7,1,75.84862849,76.43606699,-0.5874385000000046
P7,2,76.97908441,76.43606699,0.5430174199999982
P7,3,76.24159453,76.43606699,-0.19447246000000007
P7,4,76.10957506,76.43606699,-0.3264919300000031
P7,5,78.11306803,76.43606699,1.6770010399999933
P7,6,76.43606699,76.43606699,0.0
P7,7,77.18051869,76.43606699,0.744451699999999
P7,8,76.27649895,76.43606699,-0.15956803999999636
P7,9,78.53134775,76.43606699,2.0952807599999943
P8,1,64.56105886,63.28891714,1.2721417200000005
P8,2,63.35088614,63.28891714,0.06196899999999772
P8,3,60.6659478,63.28891714,-2.6229693400000045
P8,4,63.0410492,63.28891714,-0.247867939999999
P8,5,61.47405176,63.28891714,-1.8148653800000005
P8,6,63.28891714,63.28891714,0.0
P8,7,62.3860472,63.28891714,-0.9028699400000022
P8,8,62.45840037,63.28891714,-0.8305167700000027
P8,9,63.96729437,63.28891714,0.6783772299999953
P9,1,81.53360733,79.38741517,2.1461921599999982
P9,2,81.44639453,79.38741517,2.0589793600000093
P9,3,81.19937978,79.38741517,1.811964610000004
P9,4,79.96106417,79.38741517,0.5736490000000032
P9,5,80.00061297,79.38741517,0.6131978000000089
P9,6,79.38741517,79.38741517,0.0
P9,7,80.40511068,79.38741517,1.01769551000001
P9,8,79.09889734,79.38741517,-0.28851783000000353
P9,9,81.18622818,79.38741517,1.7988130100000035
P10,1,83.73540079,75.6232569,8.112143889999999
P10,2,78.44663129,75.6232569,2.823374389999998
P10,3,74.87620888,75.6232569,-0.7470480200000083
P10,4,76.9501116,75.6232569,1.3268546999999984
P10,5,77.75281284,75.6232569,2.129555940000003
P10,6,75.6232569,75.6232569,0.0
P10,7,78.85287109,75.6232569,3.2296141899999924
P10,8,78.88240339,75.6232569,3.259146489999992
P10,9,78.06097192,75.6232569,2.437715019999999
P11,1,66.20493209,81.33822922,-15.133297130000003
P11,2,64.5645441,81.33822922,-16.773685119999996
P11,3,70.57353202,81.33822922,-10.7646972
P11,4,52.56007871,81.33822922,-28.778150510000003
P11,5,71.83922496,81.33822922,-9.499004260000007
P11,6,81.33822922,81.33822922,0.0
P11,7,74.25020059,81.33822922,-7.088028629999997
P11,8,57.09147162,81.33822922,-24.246757600000002
P11,9,54.30172175,81.33822922,-27.036507470000004
P12,1,81.34317383,78.54844062,2.794733210000004
P12,2,83.0369863,78.54844062,4.488545680000001
P12,3,79.28685306,78.54844062,0.7384124400000047
P12,4,82.3170941,78.54844062,3.7686534800000118
P12,5,78.93659268,78.54844062,0.3881520600000101
P12,6,78.54844062,78.54844062,0.0
P12,7,80.86714013,78.54844062,2.318699510000002
P12,8,80.83617805,78.54844062,2.287737430000007
P12,9,80.61593535,78.54844062,2.067494730000007
P13,1,77.90135142,74.35281084,3.548540579999994
P13,2,75.29144661,74.35281084,0.9386357699999905
P13,3,76.07450058,74.35281084,1.7216897400000022
P13,4,79.11892376,74.35281084,4.766112919999998
P13,5,77.22792637,74.35281084,2.875115530000002
P13,6,74.35281084,74.35281084,0.0
P13,7,77.36191373,74.35281084,3.009102889999994
P13,8,69.99609961,74.35281084,-4.356711230000002
P13,9,75.95166728,74.35281084,1.5988564399999916
P14,1,76.09271952,75.88727864,0.2054408799999976
P14,2,73.15376688,75.88727864,-2.733511759999999
P14,3,74.20786408,75.88727864,-1.679414560000012
P14,4,73.36354024,75.88727864,-2.523738399999999
P14,5,74.31066718,75.88727864,-1.5766114600000094
P14,6,75.88727864,75.88727864,0.0
P14,7,76.80293593,75.88727864,0.9156572899999986
P14,8,74.77258302,75.88727864,-1.1146956200000062
P14,9,75.25070764,75.88727864,-0.6365710000000036
P15,1,89.47786065,92.21331755,-2.7354569000000026
P15,2,87.22869126,92.21331755,-4.984626289999994
P15,3,92.15646056,92.21331755,-0.056856989999999996
P15,4,84.47045378,92.21331755,-7.74286377
P15,5,90.67185318,92.21331755,-1.54146437
P15,6,92.21331755,92.21331755,0.0
P15,7,92.68664233,92.21331755,0.47332477999999867
P15,8,91.6487285,92.21331755,-0.564589049999995
P15,9,87.92617955,92.21331755,-4.287137999999999
P16,1,77.56423535,81.4444547,-3.88021934999999
P16,2,80.12509308,81.4444547,-1.3193616199999951
P16,3,79.00454867,81.4444547,-2.439906029999989
P16,4,79.28982031,81.4444547,-2.1546343899999982
P16,5,80.3343208,81.4444547,-1.110133899999994
P16,6,81.4444547,81.4444547,0.0
P16,7,82.21501575,81.4444547,0.770561050000012
P16,8,80.47004431,81.4444547,-0.9744103899999885
P16,9,81.28683841,81.4444547,-0.1576162899999929
P17,1,80.38101283,78.44281764,1.9381951900000018
P17,2,79.17395292,78.44281764,0.7311352800000037
P17,3,78.21402471,78.44281764,-0.22879292999999734
P17,4,78.14956561,78.44281764,-0.293252030000005
P17,5,78.92544971,78.44281764,0.482632069999994
P17,6,78.44281764,78.44281764,0.0
P17,7,80.36465785,78.44281764,1.9218402099999992
P17,8,78.56702752,78.44281764,0.12420987999999511
P17,9,77.82744863,78.44281764,-0.6153690099999949
P18,1,67.73783713,68.1593764,-0.4215392699999967
P18,2,66.97718514,68.1593764,-1.1821912599999962
P18,3,67.48911404,68.1593764,-0.6702623599999953
P18,4,67.55576239,68.1593764,-0.6036140100000011
P18,5,66.75371002,68.1593764,-1.4056663799999995
P18,6,68.1593764,68.1593764,0.0
P18,7,67.65032838,68.1593764,-0.5090480199999945
P18,8,67.83743252,68.1593764,-0.3219438800000063
P18,9,68.40980094,68.1593764,0.25042453999999736
P19,1,69.31661086,66.26239114,3.054219719999992
P19,2,63.25969943,66.26239114,-3.0026917100000077
P19,3,63.81362229,66.26239114,-2.4487688500000075
P19,4,61.26727998,66.26239114,-4.9951111600000075
P19,5,63.25216976,66.26239114,-3.0102213800000044
P19,6,66.26239114,66.26239114,0.0
P19,7,67.93981942,66.26239114,1.6774282800000009
P19,8,72.95979256,66.26239114,6.697401419999991
P19,9,58.91923264,66.26239114,-7.343158500000008
