Participant,Condition,Frequency,Modality,PC1,PC2
P1,1,10,sound,-4.347563112635423,-0.1509479875682712
P1,2,10,vibration,-3.7234685311148055,-0.15314785200824627
P1,3,10,light,-4.144078157113219,0.38712831995490304
P1,4,40,vibration,-5.0935882031903805,-0.39910284587734735
P1,5,10,sound+light,-4.430167251735635,-0.259856616921043
P1,6,nostim,nostim,-3.55962579656717,0.1230715028087721
P1,7,40,sound+light,-2.7830840589052186,-0.4133569006231258
P1,8,40,light,-3.409629697065131,-0.338179884458155
P1,9,40,sound,-5.403442820109068,-0.7624295257646695
P2,1,10,sound,-0.3480045533245801,0.8826416396060657
P2,2,10,vibration,-0.04011535801416843,0.2683929377453401
P2,3,10,light,0.6280403489231449,-0.5575282012857143
P2,4,40,vibration,0.5477806973505458,-1.0935509386163607
P2,5,10,sound+light,0.6470922777395444,-1.0358474424248174
P2,6,nostim,nostim,0.7905207745566186,0.12989902731634007
P2,7,40,sound+light,1.2942068041108548,-0.5970559530849326
P2,8,40,light,0.8072712760663688,-1.4645517715613692
P2,9,40,sound,0.623680868577153,0.4435529345895616
P3,1,10,sound,0.6083766577207369,-0.9138622731524105
P3,2,10,vibration,0.4493304902640218,0.4296862468573761
P3,3,10,light,0.2761800802378835,0.5432525080416587
P3,4,40,vibration,0.5785458957256415,-0.18321383023093368
P3,5,10,sound+light,0.13245031735163335,1.4718326928655328
P3,6,nostim,nostim,0.9644643612012833,-2.5330101603126467
P3,7,40,sound+light,0.22557151916831983,0.06060071781553664
P3,8,40,light,0.6254095443436597,-0.08741520700005181
P3,9,40,sound,0.2799070069518672,0.05685306943648415
P4,1,10,sound,0.8375588309049325,-0.7031130329391846
P4,2,10,vibration,0.2715403087480797,0.21427442685304615
P4,3,10,light,0.5825214976526244,0.46078197155348877
P4,4,40,vibration,1.0052025391541513,-0.6659192977678883
P4,5,10,sound+light,0.7154651157684939,-0.18578382308065042
P4,6,nostim,nostim,0.18588472950402177,0.8445380095893017
P4,7,40,sound+light,0.6452525639437768,-0.49970705550775196
P4,8,40,light,-0.5987551811905967,-0.6437038035166692
P4,9,40,sound,-0.9928085666323805,1.3663571549831095
P5,1,10,sound,0.7104427195111253,0.8212217203370324
P5,2,10,vibration,-2.2614878784277614,4.818491930135584
P5,3,10,light,1.0802884621896096,0.5346187798836824
P5,4,40,vibration,-3.599641561540308,-0.043689400874220914
P5,5,10,sound+light,0.9360012359534001,4.855204599693759
P5,6,nostim,nostim,1.8934486526897334,0.10609003549418913
P5,7,40,sound+light,2.0440234906460435,0.7055031739073867
P5,8,40,light,1.0270257168517773,0.4182555810576425
P5,9,40,sound,0.35918914887967307,0.1330958246202311
P6,1,10,sound,-2.0537524183487808,-1.1866751910060838
P6,2,10,vibration,-2.302690003787441,-0.7640215209735128
P6,3,10,light,-2.3591745873647842,2.8323682954817597
P6,4,40,vibration,-2.416206747320838,-0.39383755528248776
P6,5,10,sound+light,-1.4575745996375,-0.426992979102582
P6,6,nostim,nostim,-1.8118466622508493,-0.5266838523373316
P6,7,40,sound+light,-1.7803035135143943,-0.4881170474833416
P6,8,40,light,-1.920410208264419,-0.33020088619357335
P6,9,40,sound,-2.4056963153872215,-0.23223007817802288
P7,1,10,sound,0.8989466104821177,0.3591671428758602
P7,2,10,vibration,0.9858206839422975,-0.5877629702781146
P7,3,10,light,0.6953837977990124,0.01492645164392311
P7,4,40,vibration,0.5389514685154525,-0.27469912234947713
P7,5,10,sound+light,1.0205903975378583,0.8566362462582842
P7,6,nostim,nostim,1.1656574157180473,0.04997174362847741
P7,7,40,sound+light,1.196434092511181,-0.53420444043199
P7,8,40,light,0.8070241470199015,-1.023073690295778
P7,9,40,sound,0.46399010821784514,-0.027702555260826513
P8,1,10,sound,-1.2987876467135984,-0.6230743530462526
P8,2,10,vibration,-0.7950051864594738,-0.8820273240689461
P8,3,10,light,-1.6282706589943108,-0.8924866476644391
P8,4,40,vibration,-1.1388753374522016,-1.1533008595783183
P8,5,10,sound+light,-1.4489570444204516,-1.0789728606021591
P8,6,nostim,nostim,-1.1192660462908377,-0.5233297185715283
P8,7,40,sound+light,-0.7959774276382461,-0.5501117111415639
P8,8,40,light,-0.8241840173013336,-0.6376256528354212
P8,9,40,sound,-0.9800359085230967,-0.5674946507180287
P9,1,10,sound,2.1700173857225256,0.4144182419816825
P9,2,10,vibration,2.262682523202665,0.34911915726643317
P9,3,10,light,2.156111566317096,0.12560903566746712
P9,4,40,vibration,1.8904437991151688,-0.010979007704535528
P9,5,10,sound+light,1.7870030887056045,0.2241054687667479
P9,6,nostim,nostim,2.061352524254642,-0.4653170139976823
P9,7,40,sound+light,2.1101275891979023,0.18836557908461685
P9,8,40,light,1.880647540643368,0.4252090376198169
P9,9,40,sound,1.7715153914948674,0.33003434601704246
P10,1,10,sound,0.31574946310890256,3.1798917683583015
P10,2,10,vibration,0.99083813679069,0.09366582306624996
P10,3,10,light,-0.8788994612625198,-2.3643237952150824
P10,4,40,vibration,0.20203706619078043,1.1458981829403683
P10,5,10,sound+light,0.1654058437614474,-0.14884028816578526
P10,6,nostim,nostim,1.149745166801583,-2.2275825657974746
P10,7,40,sound+light,1.6331241174744033,-1.2420719051032656
P10,8,40,light,1.4318540156831963,-2.1746927425432747
P10,9,40,sound,1.5500591959689505,-0.20549980959065572
P11,1,10,sound,-1.4205091462049242,-0.6548177219630259
P11,2,10,vibration,-2.4715053796753628,-0.7909052354083388
P11,3,10,light,-1.2319473854592398,-0.0979671635543905
P11,4,40,vibration,-2.3173941426948295,-0.3649692375247672
P11,6,nostim,nostim,-1.7872648220454523,-0.8580795902290483
P11,7,40,sound+light,-1.251537642020953,0.2057046679049555
P11,8,40,light,-2.4360363772595037,-0.11272986704381056
P11,9,40,sound,-2.42034565906111,0.07735026478051459
P12,1,10,sound,0.6939838709447075,0.38614914879599416
P12,2,10,vibration,1.0523271452461282,0.41036506569145553
P12,3,10,light,0.8261107461125733,-0.9619085297283184
P12,4,40,vibration,1.5380889578581431,-1.4043669621389672
P12,5,10,sound+light,0.721733702107886,0.15986794681046418
P12,6,nostim,nostim,0.7314441310520966,-0.3852545414750655
P12,7,40,sound+light,0.8091323716041152,1.3306563313484134
P12,8,40,light,1.312392425572356,-1.1552017316780232
P12,9,40,sound,1.1214104453629183,-0.3092121381297151
P13,1,10,sound,-0.37549663621141877,0.3202299643173801
P13,2,10,vibration,-0.28555833571031974,0.46441959952525225
P13,3,10,light,-0.10945096913313014,0.6056191208187304
P13,4,40,vibration,-0.048398783986671516,0.6430658933698475
P13,5,10,sound+light,-0.23538078120862435,0.3911976415867848
P13,6,nostim,nostim,-0.8081348852379775,0.20454016507397843
P13,7,40,sound+light,0.396756625736663,0.7563370907668397
P13,8,40,light,-2.405254603220065,0.9653724292141971
P13,9,40,sound,-0.5609404553276442,0.8488909148230068
P14,1,10,sound,0.3998367035841895,0.9662215183667879
P14,2,10,vibration,0.7572499090634994,0.09769761749017462
P14,3,10,light,0.7198306149809177,-0.045557438441810774
P14,4,40,vibration,1.1027632926851596,0.2749349243143465
P14,5,10,sound+light,1.4346516856400875,-0.30555560917327285
P14,6,nostim,nostim,1.1600253772496343,-0.4399684489527125
P14,7,40,sound+light,1.5039128702437516,-0.16288734208956698
P14,8,40,light,1.2303936647365783,-0.08680616445647474
P14,9,40,sound,0.9608331794197924,-0.04651197224894462
P15,1,10,sound,1.5931434172334324,2.6050648005183388
P15,2,10,vibration,0.6328304030846789,0.4388846235118131
P15,3,10,light,1.8245574744726016,1.2730703768700762
P15,4,40,vibration,1.0555504990770692,0.20988203244895365
P15,5,10,sound+light,2.03783306523638,1.6593974167184153
P15,6,nostim,nostim,1.9136725749877195,0.4439064281775226
P15,7,40,sound+light,2.4236958924686722,-2.592014833766385
P15,8,40,light,2.158841940092085,0.99002831268588
P15,9,40,sound,2.168029839538275,-0.28275023460953136
P16,1,10,sound,0.7434490658870198,-0.9845517773249091
P16,2,10,vibration,1.3775699739969796,-0.18577359021457204
P16,3,10,light,1.2398538455287405,-0.3496443637643023
P16,4,40,vibration,1.332488917119538,0.15811563505659287
P16,5,10,sound+light,1.4288218730662805,-0.8660160228997421
P16,6,nostim,nostim,1.5317089686117054,-0.17060808488652815
P16,7,40,sound+light,1.4717156265025513,-0.19680439586702594
P16,8,40,light,1.6588167235007398,-0.20746684096368476
P16,9,40,sound,1.9021905105084345,-0.04541056105132853
P17,1,10,sound,1.3408493756756226,-0.19087291432917003
P17,2,10,vibration,1.0822149500417502,-0.5992759598238355
P17,3,10,light,0.998112823998266,-0.8666269991967089
P17,4,40,vibration,1.1403735156956156,-0.21929240535038916
P17,5,10,sound+light,1.0605046243243113,0.005646708922607712
P17,6,nostim,nostim,1.010402271095655,-0.07049106344256784
P17,7,40,sound+light,1.455642055954278,-0.048578193152788565
P17,8,40,light,0.7006875693583727,0.3954552451468238
P17,9,40,sound,0.6581668680773626,0.9291334473471228
P18,1,10,sound,-0.2529646753476641,-0.6406908093714421
P18,2,10,vibration,0.5054216804980228,-0.062052488909537226
P18,3,10,light,0.16450888659683505,-0.04320671779797493
P18,4,40,vibration,-0.16191901369744457,-0.06000046685661759
P18,5,10,sound+light,-0.3657743658433145,0.34453271815979347
P18,6,nostim,nostim,0.07752785414071126,0.5488135861021987
P18,7,40,sound+light,0.21076660403550604,0.6155722878474675
P18,8,40,light,-0.07885428856673897,-0.6628884253360067
P18,9,40,sound,0.09527257824073929,0.029978666244604185
P19,1,10,sound,-1.5905166528474548,0.45485621107784624
P19,2,10,vibration,-1.8980081385142311,-0.4866749842225216
P19,3,10,light,-1.8424107151323497,1.44814738265032
P19,4,40,vibration,-1.8487609328356447,-1.4741647705471235
P19,5,10,sound+light,-1.5396217968219705,2.3846487672308143
P19,6,nostim,nostim,-2.227107984179916,2.4301189212251018
P19,7,40,sound+light,-2.218825204278675,-0.6708865382032084
P19,8,40,light,-1.7090818452763274,-0.009462679630751971
P19,9,40,sound,-2.49191092041436,-0.7407927828955958
