Condition,Condition_Name,Mean,SD,N,SEM
1,10 Hz Sound,-0.35633821065588656,1.3144224413697685,24,0.26830535731827265
2,10 Hz Vibration,0.06614506381239474,0.7139047917758702,24,0.14572520539822956
3,10 Hz Light,-0.41901348384396836,1.2390891403080275,24,0.252928011631545
4,40 Hz Vibration,-0.3195207688340087,0.7633639555891301,24,0.1558210149354973
5,10 Hz Sound + Light,0.37954485612158706,0.963248166895823,24,0.1966222087138348
6,No Stimulation,-0.20950061986135005,0.7764277233741448,24,0.15848764536812188
7,40 Hz Sound + Light,-0.5660934844231704,1.1006067735465748,24,0.2246604168866686
8,40 Hz Light,-0.3744743770662969,0.913007190917137,24,0.1863668124365675
9,40 Hz Sound,-0.6642982235330628,1.2308674157449124,24,0.25124975913276676
