Condition_A,Condition_B,Mean_A,Mean_B,Mean_Difference,t,p_uncorrected,N,p_holm,Significant_Holm
1,2,-0.35633821065588656,0.06614506381239475,-0.4224832744682813,-1.4121792798671466,0.1712850672733688,24,1.0,False
1,3,-0.35633821065588656,-0.41901348384396836,0.0626752731880818,0.2527797040252057,0.8026839663873032,24,1.0,False
1,4,-0.35633821065588656,-0.3195207688340087,-0.03681744182187785,-0.14445844932021318,0.8863968305729621,24,1.0,False
1,5,-0.35633821065588656,0.37954485612158706,-0.7358830667774736,-3.2039573231927685,0.003941225488856256,24,0.13006044113225645,False
1,6,-0.35633821065588656,-0.20950061986135005,-0.1468375907945365,-0.5752907745022746,0.5706805245330291,24,1.0,False
1,7,-0.35633821065588656,-0.5660934844231704,0.20975527376728387,0.7199844025753755,0.4787880226877936,24,1.0,False
1,8,-0.35633821065588656,-0.3744743770662969,0.018136166410410326,0.07039654293794893,0.9444865601197643,24,1.0,False
1,9,-0.35633821065588656,-0.6642982235330628,0.3079600128771762,1.1051866923796543,0.28050617974176956,24,1.0,False
2,3,0.06614506381239475,-0.41901348384396836,0.4851585476563631,1.8219173121163654,0.08149851719390372,24,1.0,False
2,4,0.06614506381239475,-0.3195207688340087,0.3856658326464035,1.677288736843734,0.10702605520505255,24,1.0,False
2,5,0.06614506381239475,0.37954485612158706,-0.3133997923091923,-1.3231243923172038,0.19879799044191646,24,1.0,False
2,6,0.06614506381239475,-0.20950061986135005,0.2756456836737448,1.3142154615679336,0.20173036287351628,24,1.0,False
2,7,0.06614506381239475,-0.5660934844231704,0.6322385482355651,2.3945942818423696,0.025178541877401827,24,0.7049991725672512,False
2,8,0.06614506381239475,-0.3744743770662969,0.44061944087869165,1.9257479304632872,0.06658605194076601,24,1.0,False
2,9,0.06614506381239475,-0.6642982235330628,0.7304432873454575,2.4685418099101857,0.02142707444237313,24,0.6213851588288207,False
3,4,-0.41901348384396836,-0.3195207688340087,-0.09949271500995965,-0.41497498847065106,0.6820056372139244,24,1.0,False
3,5,-0.41901348384396836,0.37954485612158706,-0.7985583399655554,-2.7155581794987254,0.01233523871942985,24,0.3700571615828955,False
3,6,-0.41901348384396836,-0.20950061986135005,-0.2095128639826183,-0.7478215508081544,0.46214610446857,24,1.0,False
3,7,-0.41901348384396836,-0.5660934844231704,0.14708000057920206,0.5270299673998013,0.6032195778965327,24,1.0,False
3,8,-0.41901348384396836,-0.3744743770662969,-0.04453910677767148,-0.13998407114166853,0.889891226480676,24,1.0,False
3,9,-0.41901348384396836,-0.6642982235330628,0.24528473968909442,0.70737285678702,0.4864411229638595,24,1.0,False
4,5,-0.3195207688340087,0.37954485612158706,-0.6990656249555958,-2.8396912111717345,0.009281680558711296,24,0.2877320973200502,False
4,6,-0.3195207688340087,-0.20950061986135005,-0.11002014897265866,-0.5265486097252774,0.6035485698696135,24,1.0,False
4,7,-0.3195207688340087,-0.5660934844231704,0.24657271558916172,0.9772898723289133,0.33859372891173317,24,1.0,False
4,8,-0.3195207688340087,-0.3744743770662969,0.054953608232288176,0.2575124597636982,0.7990731559359346,24,1.0,False
4,9,-0.3195207688340087,-0.6642982235330628,0.3447774546990541,1.2813238354644687,0.21284832275467894,24,1.0,False
5,6,0.37954485612158706,-0.20950061986135005,0.5890454759829371,3.023759273755502,0.006043260093903364,24,0.19338432300490765,False
5,7,0.37954485612158706,-0.5660934844231704,0.9456383405447575,3.4578772859821343,0.002136276143927201,24,0.07476966503745204,False
5,8,0.37954485612158706,-0.3744743770662969,0.7540192331878839,3.3269979076348672,0.0029330683921306305,24,0.09972432533244144,False
5,9,0.37954485612158706,-0.6642982235330628,1.0438430796546498,3.8519363727507057,0.0008119834836012344,24,0.02923140540964444,True
6,7,-0.20950061986135005,-0.5660934844231704,0.3565928645618204,1.72372614723699,0.0981757165338174,24,1.0,False
6,8,-0.20950061986135005,-0.3744743770662969,0.16497375720494684,1.2244129188286896,0.23319036599626422,24,1.0,False
6,9,-0.20950061986135005,-0.6642982235330628,0.45479760367171274,2.084481534628722,0.04841140732425588,24,1.0,False
7,8,-0.5660934844231704,-0.3744743770662969,-0.19161910735687354,-0.7176979755122187,0.48017027877724083,24,1.0,False
7,9,-0.5660934844231704,-0.6642982235330628,0.09820473910989236,0.35192612839931114,0.7280976520646981,24,1.0,False
8,9,-0.3744743770662969,-0.6642982235330628,0.2898238464667659,1.254987337059531,0.22208592939563618,24,1.0,False
