Participant,Condition,Modality,Frequency,Channels,Baseline_Alpha_Power,Baseline_Gamma_Power,Stim_Alpha_Power,Stim_Gamma_Power,Baseline_AGR,Stim_AGR,Baseline_Corrected_AGR
10,1,Sound,10,"Cz,Fz",1.0409400802846363e-11,5.914908296433701e-12,7.957889078315866e-12,2.4263014878632308e-12,1.7598583580953475,3.2798434646817674,1.5199851065864198
10,2,Vibration,10,"Fz,C3,Cz,C4,P3,Pz,P4",6.285030790384258e-11,5.8588872284043e-12,2.2889655207193817e-10,1.614240335927568e-11,10.72734556131066,14.179831031195897,3.4524854698852376
10,3,Light,10,"O1,O2,P3,P4",4.631550250176809e-12,3.1191654295670493e-12,4.160668212083577e-12,3.241317341548092e-12,1.4848684222624524,1.283634946430883,-0.20123347583156947
10,4,Vibration,40,"Fz,C3,Cz,C4,P3,Pz,P4",3.699748714668808e-07,4.894345300119392e-08,2.3892039494908565e-08,4.662813382278127e-10,7.559231087717814,51.23953616868867,43.68030508097086
10,5,Sound + Light,10,"O1,O2,P3,P4,Cz,Fz",8.52649947690618e-12,3.5958873436907688e-12,6.415425302341299e-12,2.843073317507816e-12,2.371180924749077,2.2565106790720892,-0.11467024567698791
10,7,Sound + Light,40,"O1,O2,P3,P4,Cz,Fz",1.047069243099967e-11,3.5771698657120656e-12,5.626596389258835e-12,3.16172493690975e-12,2.9270884034229088,1.7795970558900784,-1.1474913475328303
10,8,Light,40,"O1,O2,P3,P4",4.589832496017224e-12,3.2981099741950737e-12,4.027888988219419e-12,3.2207100963256318e-12,1.391655382000233,1.2506214057622456,-0.14103397623798752
10,9,Sound,40,"Cz,Fz",2.221928531583993e-11,4.132316554252696e-12,8.463210852421847e-12,2.4830002296325256e-12,5.376956248178366,3.408461566543781,-1.9684946816345845
11,1,Sound,10,"Cz,Fz",3.536609139599128e-11,4.835415409617969e-12,2.8317847700719596e-11,3.5358051863134103e-12,7.313971685999454,8.0088823361462,0.6949106501467464
11,2,Vibration,10,"Fz,C3,Cz,C4,P3,Pz",1.7390461436569124e-11,3.879930071536754e-12,1.585377415430459e-11,3.4146971280526074e-12,4.48215847088222,4.642805367439998,0.1606468965577772
11,3,Light,10,"O1,O2,P3",1.9023538842594338e-11,3.2365424543624856e-12,1.151877764517239e-11,3.347448395602066e-12,5.8777349936976115,3.441062052011303,-2.4366729416863087
11,4,Vibration,40,"Fz,C3,Cz,C4,P3,Pz",4.445451940874115e-11,3.260324591114055e-12,2.0909016428123132e-11,3.5665118454903706e-12,13.634998039735367,5.862595537026259,-7.772402502709108
11,5,Sound + Light,10,"O1,O2,P3,Cz,Fz",2.1318446360705882e-11,4.964381244789984e-12,2.076657339841279e-11,3.422769806451147e-12,4.29428065845651,6.0671837642345965,1.7729031057780862
11,7,Sound + Light,40,"O1,O2,P3,Cz,Fz",2.6332731674097616e-11,3.5670846866694796e-12,1.1454202768788378e-11,3.467576723681726e-12,7.382143679544653,3.303229800385438,-4.078913879159215
11,8,Light,40,"O1,O2,P3",9.329761566229707e-12,4.044602560020293e-12,8.357974660776216e-12,3.1188179611588808e-12,2.3067189984132574,2.679853317784083,0.37313431937082564
11,9,Sound,40,"Cz,Fz",8.888832469183191e-11,4.896148678893469e-12,2.075716215802775e-11,4.105713860488151e-12,18.154743763198116,5.0556767625203705,-13.099067000677746
12,1,Sound,10,"Cz,Fz",7.883078388877275e-12,3.634477062335257e-12,7.730886022331952e-12,3.4179141833195386e-12,2.168971836573421,2.2618724776827426,0.09290064110932139
12,2,Vibration,10,"Fz,C3,Cz,C4,P3,Pz,P4",1.498546435679433e-11,4.635609844516285e-12,8.922747142169426e-12,4.7185380738271786e-12,3.2326845570322216,1.8909982292316736,-1.341686327800548
12,3,Light,10,"O1,O2,P3,P4",1.0562014584061982e-11,3.0216110984649437e-12,9.804091299238707e-12,2.4959158714012835e-12,3.4954910608541776,3.928053590097326,0.4325625292431483
12,4,Vibration,40,"Fz,C3,Cz,C4,P3,Pz,P4",1.1665866579550008e-11,2.7149909742350555e-12,9.580004227331332e-12,2.9019893684934178e-12,4.296834387391232,3.3011851564104244,-0.9956492309808072
12,5,Sound + Light,10,"O1,O2,P3,P4,Cz,Fz",1.1324059076003276e-11,3.3590548102815596e-12,9.246804600867077e-12,2.3990379165230824e-12,3.3712040188632946,3.8543803485475707,0.48317632968427615
12,7,Sound + Light,40,"O1,O2,P3,P4,Cz,Fz",9.789657334172017e-12,2.8942223950766407e-12,6.6154728251227785e-12,2.6734450830043296e-12,3.382482752819961,2.4745123313655384,-0.9079704214544226
12,8,Light,40,"O1,O2,P3,P4",1.1719586820221344e-11,6.671706658606518e-12,5.759867783552686e-12,2.5865658674732546e-12,1.7566100279758325,2.2268397862913667,0.47022975831553415
12,9,Sound,40,"Cz,Fz",1.0032413037338645e-11,3.6986716471002664e-12,8.997422749113816e-12,2.4869892702125243e-12,2.7124367866512262,3.6177971722189803,0.9053603855677541
13,1,Sound,10,"Cz,Fz",1.3619395091306368e-11,9.679472867875927e-12,9.686948982614493e-12,3.586686389304465e-12,1.4070389242482604,2.7008073556419854,1.293768431393725
13,2,Vibration,10,"Fz,C3,Cz,C4,P3,Pz,P4",1.0175662726743484e-11,2.913646067395015e-12,7.663115118067269e-12,3.472692863947711e-12,3.492415513542856,2.2066780502310075,-1.2857374633118486
13,3,Light,10,"O1,O2,P3,P4",2.9807298568328647e-11,1.7172956485067165e-11,1.3152175163555786e-11,6.542043991764643e-12,1.7357115295929237,2.0104076310266654,0.2746961014337417
13,4,Vibration,40,"Fz,C3,Cz,C4,P3,Pz,P4",9.954523096834873e-12,4.681732953946538e-12,8.208557231513105e-12,3.071365180766882e-12,2.1262475230338707,2.6726086767264614,0.5463611536925908
13,5,Sound + Light,10,"O1,O2,P3,P4,Cz,Fz",1.6607264307418798e-11,7.46182822508133e-12,1.1605999198262602e-11,4.828073250107534e-12,2.2256294042788403,2.4038573147174405,0.1782279104386002
13,7,Sound + Light,40,"O1,O2,P3,P4,Cz,Fz",1.477261652684348e-11,1.0392658746502243e-11,8.119682372505639e-12,3.5874843591723805e-12,1.421447281891687,2.2633359645862874,0.8418886826946004
13,8,Light,40,"O1,O2,P3,P4",2.720191220500211e-11,1.1606106947602093e-11,8.805180394295118e-12,2.9525219620690187e-12,2.343758534003706,2.9822573743447354,0.6384988403410294
13,9,Sound,40,"Cz,Fz",1.3133240405944077e-11,6.66789793598375e-12,9.391196277724364e-12,4.1629306399019934e-12,1.9696222905677185,2.2559098601617484,0.2862875695940299
14,1,Sound,10,"Cz,Fz",2.5210680261967296e-11,1.3729619510539705e-11,1.8592705777808917e-11,5.141249122418261e-12,1.8362257047701882,3.616379081250116,1.780153376479928
14,2,Vibration,10,"Fz,C3,Cz,C4,P3,Pz,P4",2.8942674003049904e-11,3.879536489963977e-12,2.732682555831899e-11,3.1482180925447332e-12,7.460343285318254,8.680092914474825,1.2197496291565706
14,3,Light,10,"O1,O2,P3,P4",2.5512827035364412e-11,3.2924137726024677e-12,1.3403716275558721e-11,3.072253998191891e-12,7.748973487982331,4.362828165720409,-3.386145322261922
14,4,Vibration,40,"Fz,C3,Cz,C4,P3,Pz,P4",3.514426811238868e-11,4.4634942090287475e-12,2.5498752203230007e-11,3.4767266011531067e-12,7.873712044097407,7.3341263574688265,-0.5395856866285804
14,5,Sound + Light,10,"O1,O2,P3,P4,Cz,Fz",1.12871011267067e-11,3.4431074541511683e-12,1.4417345072021447e-11,3.4894289552457127e-12,3.278172777645511,4.131720478317127,0.8535477006716157
14,7,Sound + Light,40,"O1,O2,P3,P4,Cz,Fz",2.1503755517017907e-11,2.7307509805012963e-12,1.2851964638681794e-11,2.8137559088700964e-12,7.874667324323496,4.567547809732608,-3.3071195145908874
14,8,Light,40,"O1,O2,P3,P4",1.3824525139837964e-11,2.9483234491392375e-12,1.2385051063597204e-11,2.825192230185987e-12,4.688944540285779,4.383790572290324,-0.30515396799545513
14,9,Sound,40,"Cz,Fz",3.302547367063366e-11,2.108048161895548e-12,2.1232299324110376e-11,2.207730504933176e-12,15.666375307543872,9.617251415726141,-6.049123891817731
15,1,Sound,10,"Cz,Fz",1.6249148215612638e-11,3.174176093811446e-12,1.9751103110318005e-11,3.464574715261986e-12,5.119170372208681,5.700873767655046,0.5817033954463646
15,2,Vibration,10,"Fz,C3,Cz,C4,P3,Pz,P4",1.1279577104973522e-11,3.2322024226326867e-12,1.3609510528196164e-11,3.1191688826076145e-12,3.4897495979803472,4.363184886872384,0.8734352888920367
15,3,Light,10,"O1,O2,P3,P4",8.269188237799578e-12,3.444466082809309e-12,8.739462416892224e-12,3.3158135276256726e-12,2.4007169874801675,2.6356917673685403,0.2349747798883728
15,4,Vibration,40,"Fz,C3,Cz,C4,P3,Pz,P4",1.4264645937442745e-11,4.505913842058426e-12,1.3332817542721467e-11,3.3115933093816805e-12,3.1657609171963794,4.0261035390275275,0.8603426218311481
15,5,Sound + Light,10,"O1,O2,P3,P4,Cz,Fz",1.2483201331913043e-11,3.373133887209121e-12,1.2504576981747859e-11,3.5101286612433347e-12,3.7007725602737493,3.562426961671134,-0.1383455986026152
15,7,Sound + Light,40,"O1,O2,P3,P4,Cz,Fz",1.3447123298039183e-11,3.5269094331083592e-12,1.1748381621775758e-11,3.481197638593326e-12,3.812721464238982,3.3748102927367882,-0.43791117150219394
15,8,Light,40,"O1,O2,P3,P4",1.0882839237504283e-11,3.359108519449635e-12,8.519238941473138e-12,3.3683733320764207e-12,3.2397998381092363,2.5291848918128936,-0.7106149462963427
15,9,Sound,40,"Cz,Fz",2.2526496795476782e-11,3.4282489462562806e-12,1.9740198154689837e-11,2.782805835048937e-12,6.570846268348215,7.093631149563367,0.5227848812151521
16,1,Sound,10,"Cz,Fz",1.0900034966013126e-11,4.0484233330008125e-12,1.1421549255555213e-11,2.489284561472734e-12,2.6924148166920316,4.588285900426703,1.8958710837346713
16,2,Vibration,10,"Fz,C3,Cz,C4,P3,Pz,P4",1.3291853740474003e-11,2.6365635553603374e-12,2.3216124007982665e-11,2.84118972042643e-12,5.041355332948693,8.17126847991629,3.1299131469675965
16,3,Light,10,"O1,O2,P3,P4",2.638567066232523e-11,6.2679869161180214e-12,2.3831970282175082e-11,2.9959173216710687e-12,4.209592492044763,7.954815745343079,3.745223253298316
16,4,Vibration,40,"Fz,C3,Cz,C4,P3,Pz,P4",1.856282972460053e-11,3.5941745598085684e-12,2.515345612247818e-11,2.707555908185804e-12,5.164698991578533,9.290096668523546,4.125397676945013
16,5,Sound + Light,10,"O1,O2,P3,P4,Cz,Fz",5.0266917610249727e-11,9.655075426700478e-12,2.145270866723955e-11,2.8804349170636476e-12,5.206268764223204,7.447732472674202,2.241463708450998
16,7,Sound + Light,40,"O1,O2,P3,P4,Cz,Fz",3.166064425046225e-11,6.213985443692815e-12,2.5637019997519602e-11,4.846290818836302e-12,5.095062506558935,5.290029211180438,0.19496670462150334
16,8,Light,40,"O1,O2,P3,P4",2.890260317744947e-11,4.6947734749529264e-12,2.1483349995244592e-11,3.261453401447739e-12,6.156336047233731,6.587047966317185,0.4307119190834534
16,9,Sound,40,"Cz,Fz",1.8888227176173114e-11,8.195161804521684e-12,1.7949833597146018e-11,8.436324347442844e-12,2.304802226815281,2.1276841498616443,-0.17711807695363646
17,1,Sound,10,"Cz,Fz",1.2835078966697221e-11,5.02531006061589e-12,1.0712476760630988e-11,4.271062245451885e-12,2.554086974112834,2.508152807194125,-0.045934166918708996
17,2,Vibration,10,"Fz,C3,Cz,C4,P3,Pz,P4",1.3317988477628488e-11,6.674145398951628e-12,1.4269252522344083e-11,6.423371983659784e-12,1.9954597452612393,2.2214582245342775,0.2259984792730383
17,3,Light,10,"O1,O2,P3,P4",1.5015420807160182e-11,4.1382805704760425e-12,1.4072279789197644e-11,4.170379051651597e-12,3.6284201980613653,3.3743407049833016,-0.25407949307806366
17,4,Vibration,40,"Fz,C3,Cz,C4,P3,Pz,P4",1.3281379411593495e-11,6.1395512322121946e-12,1.2691292749588027e-11,5.840073803063733e-12,2.1632492195700705,2.1731391036411405,0.009889884071069943
17,5,Sound + Light,10,"O1,O2,P3,P4,Cz,Fz",1.393701417417729e-11,3.750085145113989e-12,1.1884613009253615e-11,5.17307918423506e-12,3.716452729702929,2.2973963061443037,-1.4190564235586254
17,7,Sound + Light,40,"O1,O2,P3,P4,Cz,Fz",1.3229940580376102e-11,4.000608816327308e-12,1.1061772341941974e-11,3.725325812746524e-12,3.306981808964174,2.9693435951543257,-0.33763821380984815
17,8,Light,40,"O1,O2,P3,P4",1.1669704281133594e-11,3.678522905089653e-12,1.2872301762855727e-11,3.669942174977787e-12,3.172388641372122,3.5074944370025767,0.33510579563045484
17,9,Sound,40,"Cz,Fz",1.1677723126094485e-11,4.734929619155973e-12,1.0595366460635316e-11,4.802961273884263e-12,2.466292862907665,2.2060070561565457,-0.26028580675111934
18,1,Sound,10,"Cz,Fz",1.0155367059433581e-11,4.137535016823976e-12,4.599358483032864e-12,3.441201064436279e-12,2.45444860723595,1.3365561607445071,-1.117892446491443
18,2,Vibration,10,"Fz,C3,Cz,C4,P3,Pz,P4",5.06864023187147e-12,3.304895243401266e-12,4.988912781548581e-12,3.1220673589792523e-12,1.5336765187918722,1.5979516800623055,0.06427516127043331
18,3,Light,10,"O1,O2,P3,P4",4.070140821083493e-12,3.2372161490907165e-12,3.87275593861747e-12,3.380368483256445e-12,1.2572965886836849,1.1456608821789418,-0.11163570650474308
18,4,Vibration,40,"Fz,C3,Cz,C4,P3,Pz,P4",7.585445476357702e-12,3.755452347729793e-12,5.0049225888325645e-12,3.2172440384263393e-12,2.0198486823945925,1.5556552530844499,-0.4641934293101426
18,5,Sound + Light,10,"O1,O2,P3,P4,Cz,Fz",4.164279491062062e-12,3.228509908637823e-12,3.962390881971955e-12,3.2451967278371807e-12,1.2898456591136993,1.2210017494417855,-0.06884390967191378
18,7,Sound + Light,40,"O1,O2,P3,P4,Cz,Fz",4.779360730046148e-12,3.3501264960539878e-12,4.145227950065717e-12,3.3590800505216536e-12,1.4266209755588668,1.2340366670993677,-0.19258430845949914
18,8,Light,40,"O1,O2,P3,P4",4.466478606084614e-12,3.427632070629999e-12,4.01337527136546e-12,3.1909862138418693e-12,1.3030799438353007,1.257722535420626,-0.045357408414674616
18,9,Sound,40,"Cz,Fz",4.6528485057604376e-12,3.2650141985287495e-12,4.4866358703971175e-12,3.2604604980167698e-12,1.4250622578784071,1.3760742916916766,-0.048987966186730514
19,1,Sound,10,"Cz,Fz",5.3237026106237e-10,1.2203424974260758e-11,1.2685464076691914e-11,3.9763682150779695e-12,43.624659649666846,3.1902136297614416,-40.4344460199054
19,2,Vibration,10,"Fz,C3,Cz,C4,P3,Pz,P4",1.5453354069750544e-11,4.412189602670023e-12,1.0411311711858463e-11,4.2497543314431095e-12,3.50242293767226,2.449862015511622,-1.0525609221606378
19,3,Light,10,"O1,O2,P3,P4",8.264427015685471e-12,4.29959126243263e-12,4.585346206787199e-12,3.71708503947363e-12,1.9221424808202836,1.2335865760651314,-0.6885559047551522
19,4,Vibration,40,"Fz,C3,Cz,C4,P3,Pz,P4",2.205366639795872e-10,8.307283372546006e-11,1.015032380153681e-11,4.332074743939597e-12,2.6547386683403507,2.34306294362458,-0.31167572471577065
19,5,Sound + Light,10,"O1,O2,P3,P4,Cz,Fz",9.141350591331698e-12,4.8130742699358644e-12,8.334812928695924e-12,3.825216558123612e-12,1.8992747833607622,2.1789126973727235,0.27963791401196136
19,7,Sound + Light,40,"O1,O2,P3,P4,Cz,Fz",1.4070366310804293e-11,5.318746865210673e-12,6.328757706123973e-12,3.803259694334264e-12,2.6454288326517252,1.664035121123061,-0.9813937115286642
19,8,Light,40,"O1,O2,P3,P4",6.319851935226949e-12,4.002584126856227e-12,4.448115775113161e-12,4.046735810915589e-12,1.5789429365950112,1.0991861052838927,-0.47975683131111846
19,9,Sound,40,"Cz,Fz",2.1184220914785028e-11,6.54501417444072e-12,8.4141539631688e-12,4.3254231855598e-12,3.236695956673806,1.9452787859599527,-1.2914171707138533
20,1,Sound,10,"Cz,Fz",4.653529835271439e-12,2.407250098672718e-12,5.389767993152689e-12,1.6356527476154596e-12,1.933131018599708,3.295178638014808,1.3620476194151
20,2,Vibration,10,"Fz,C3,Cz,C4,P3,Pz,P4",4.559501725809539e-12,2.1334766336950108e-12,4.957244308831698e-12,1.887403048648811e-12,2.13712287906001,2.6264895102191246,0.4893666311591147
20,3,Light,10,"O1,O2,P3,P4",8.072657272722579e-12,1.9124335973183316e-12,7.2139129291799686e-12,1.9707577253624455e-12,4.221143826401234,3.6604767985132445,-0.5606670278879897
20,4,Vibration,40,"Fz,C3,Cz,C4,P3,Pz,P4",5.5042931107723525e-12,2.5080932827102094e-12,4.527715564797649e-12,2.6060837744406978e-12,2.194612596236649,1.737363782854356,-0.4572488133822932
20,5,Sound + Light,10,"O1,O2,P3,P4,Cz,Fz",4.976055293249425e-12,2.4052988444466062e-12,6.293399931130742e-12,2.4003637940840473e-12,2.0687887930176427,2.6218525486184623,0.5530637556008196
20,7,Sound + Light,40,"O1,O2,P3,P4,Cz,Fz",4.761073631281739e-12,2.936058431140575e-12,5.044469968202278e-12,2.09007271154103e-12,1.6215868120281915,2.4135380268579,0.7919512148297083
20,8,Light,40,"O1,O2,P3,P4",5.007498035640179e-12,4.240580532117301e-12,4.442884606456926e-12,1.67595774620613e-12,1.1808520078122324,2.650952636791885,1.4701006289796528
20,9,Sound,40,"Cz,Fz",4.7346372553395035e-12,2.127033003490591e-12,4.976667408232098e-12,2.8584666743924517e-12,2.225935021962365,1.7410269123707227,-0.4849081095916423
21,1,Sound,10,"Cz,Fz",2.865447530400322e-11,1.998712666212801e-12,4.6640768890015194e-11,1.998001409975036e-12,14.336465560253975,23.343711699681908,9.007246139427933
21,2,Vibration,10,"Fz,C3,Cz,C4,P3,Pz,P4",4.1058880911356435e-11,3.642463173326174e-12,5.1764751400397125e-11,2.379077416313217e-12,11.27228442885336,21.758329949857355,10.486045521003994
21,3,Light,10,"O1,O2,P3,P4",2.7108789361463804e-11,4.324573234000359e-12,1.636104830822575e-11,3.0149540369829448e-12,6.268546720016432,5.4266327471440325,-0.8419139728723994
21,4,Vibration,40,"Fz,C3,Cz,C4,P3,Pz,P4",4.208700027360113e-11,3.228159735610853e-12,4.8225140052880284e-11,2.689542959098998e-12,13.0374590232714,17.930607834215742,4.893148810944343
21,5,Sound + Light,10,"O1,O2,P3,P4,Cz,Fz",3.348862836945701e-11,4.101382842000315e-12,3.447820053040874e-11,3.6223194490089043e-12,8.165204190770941,9.518266131895754,1.3530619411248122
21,7,Sound + Light,40,"O1,O2,P3,P4,Cz,Fz",2.742242085197594e-11,3.2151817385482016e-12,3.082918041185372e-11,3.137069002169344e-12,8.529042238327214,9.827383583381414,1.2983413450541992
21,8,Light,40,"O1,O2,P3,P4",1.6342116913341285e-11,3.0503581316934543e-12,1.7506323437526826e-11,3.0115279951400124e-12,5.357442047065045,5.813103336837126,0.4556612897720811
21,9,Sound,40,"Cz,Fz",2.728233097724212e-11,3.750040195942281e-12,4.3619935275711985e-11,2.372440863911925e-12,7.275210278215919,18.386100129714904,11.110889851498985
22,1,Sound,10,"Cz,Fz",1.7319675041520752e-11,3.696093517222895e-12,1.5984611023577454e-11,3.009836949338029e-12,4.685940699502133,5.310789684834271,0.6248489853321377
22,2,Vibration,10,"Fz,C3,Cz,C4,P3,Pz,P4",3.469759243179563e-11,3.701614985824863e-12,2.4686669031786642e-11,2.7910744698246588e-12,9.373636254626213,8.844862184324846,-0.5287740703013668
22,3,Light,10,"O1,O2,P3,P4",2.496561940490144e-11,5.131429021204581e-12,4.648160621780444e-11,4.599004420230093e-12,4.86523720814146,10.106884440758794,5.241647232617334
22,4,Vibration,40,"Fz,C3,Cz,C4,P3,Pz,P4",3.115679807171344e-11,3.437596027693952e-12,3.5057362359128194e-11,2.86408551584971e-12,9.063542609634212,12.240333665011905,3.1767910553776932
22,5,Sound + Light,10,"O1,O2,P3,P4,Cz,Fz",1.9683921395174014e-11,4.282025186370911e-12,3.559406508780832e-11,4.1444964253520986e-12,4.5968719328940875,8.5882725993145,3.9914006664204127
22,7,Sound + Light,40,"O1,O2,P3,P4,Cz,Fz",5.043222369958536e-11,5.194233697262333e-12,3.94901914683094e-11,4.54945037267142e-12,9.709271210913384,8.680211505444097,-1.0290597054692867
22,8,Light,40,"O1,O2,P3,P4",6.741623698151122e-11,8.94230970769526e-12,7.269637192729087e-11,7.0419901159186135e-12,7.539018350426458,10.323270940548284,2.7842525901218256
22,9,Sound,40,"Cz,Fz",2.1186986103651164e-11,3.708346499335762e-12,2.0392481444446458e-11,2.839956580368545e-12,5.713324282789154,7.180560993576915,1.4672367107877609
23,1,Sound,10,"Cz,Fz",2.4850834236219267e-11,3.365300895719962e-12,2.499624494735068e-11,2.8357982568833914e-12,7.384431587625616,8.814535690850638,1.4301041032250223
23,2,Vibration,10,"Fz,C3,Cz,C4,P3,Pz,P4",2.2875056154281174e-11,3.1503610841984816e-12,1.7025230020369346e-11,2.9111602231593725e-12,7.261090250580298,5.848262793963468,-1.4128274566168297
23,3,Light,10,"O1,O2,P3,P4",7.177300591783795e-12,3.2253219479705864e-12,6.7201767002916844e-12,3.025136520793101e-12,2.2252974145107727,2.221445760910603,-0.003851653600169591
23,4,Vibration,40,"Fz,C3,Cz,C4,P3,Pz,P4",1.652297065307161e-11,3.2924762260788216e-12,1.7802951066778178e-11,2.9052928011900116e-12,5.018402417668984,6.127764836468829,1.1093624187998454
23,5,Sound + Light,10,"O1,O2,P3,P4,Cz,Fz",1.3965087628767237e-11,3.2191796533567044e-12,1.3015023620772734e-11,3.041134041032134e-12,4.338088933373307,4.279661285944354,-0.058427647428952234
23,7,Sound + Light,40,"O1,O2,P3,P4,Cz,Fz",1.261049291531564e-11,3.5874284109384495e-12,1.1497877582881554e-11,3.0204822368898397e-12,3.51519012250249,3.806636384897533,0.2914462623950431
23,8,Light,40,"O1,O2,P3,P4",5.953266498644768e-12,3.2315447904555193e-12,6.0013513861418596e-12,3.1162628433650227e-12,1.8422354894253512,1.925816815779712,0.08358132635436077
23,9,Sound,40,"Cz,Fz",3.150717065389929e-11,5.3254345798110485e-12,2.3871306123100138e-11,4.02642636540527e-12,5.9163567182562575,5.928658308072009,0.01230158981575169
24,1,Sound,10,"Cz,Fz",6.716505085910293e-12,4.683908733873825e-12,5.907876452590674e-12,2.933043236691668e-12,1.433953022469635,2.0142479928984867,0.5802949704288516
24,2,Vibration,10,"Fz,C3,Cz,C4,P3,Pz,P4",4.889537221789705e-12,3.5510102870374227e-12,4.495617367913925e-12,2.9753130661881337e-12,1.376942567482395,1.5109728851739126,0.13403031769151763
24,3,Light,10,"O1,O2,P3,P4",4.135525717999027e-12,3.1676421848433552e-12,3.946508628200847e-12,3.004148541390117e-12,1.3055533032698057,1.3136862488080132,0.008132945538207537
24,4,Vibration,40,"Fz,C3,Cz,C4,P3,Pz,P4",3.864076972563843e-12,2.8763723017168007e-12,4.39341428112236e-12,2.56112928717394e-12,1.343385545138756,1.7154207337850724,0.37203518864631646
24,5,Sound + Light,10,"O1,O2,P3,P4,Cz,Fz",4.0284961023820974e-12,2.872316851980241e-12,5.598015959645985e-12,2.6654671313385597e-12,1.4025249685127041,2.1002007092223045,0.6976757407096004
24,7,Sound + Light,40,"O1,O2,P3,P4,Cz,Fz",3.973162958450054e-12,2.6658816263772215e-12,4.335035683927029e-12,2.543807910844895e-12,1.490374861035879,1.7041521356410907,0.2137772746052118
24,8,Light,40,"O1,O2,P3,P4",4.031343683249521e-12,2.7861305179321915e-12,3.709799660938808e-12,3.0279932610038716e-12,1.446932818582204,1.225167740204579,-0.22176507837762482
24,9,Sound,40,"Cz,Fz",6.164690203666199e-12,2.2090603927215987e-12,5.050406408374787e-12,1.5696544133235833e-12,2.790639053589295,3.2175276070361667,0.4268885534468718
25,1,Sound,10,"Cz,Fz",4.143498074522862e-12,3.083315296079895e-12,4.4580797188485516e-12,3.225593089306206e-12,1.3438450747449915,1.3820961278806068,0.038251053135615276
25,2,Vibration,10,"Fz,C3,Cz,C4,P3,Pz,P4",6.684529063912475e-12,4.569672764768181e-12,5.00872479460597e-12,2.895838247640355e-12,1.4628025699016505,1.7296286485225063,0.26682607862085583
25,3,Light,10,"O1,O2,P3,P4",3.821561734856974e-12,2.902811606608589e-12,3.6817321368854306e-12,3.2028172328000404e-12,1.3165035326980032,1.1495292641680657,-0.16697426852993758
25,4,Vibration,40,"Fz,C3,Cz,C4,P3,Pz,P4",6.2021272826554414e-12,4.044878392361037e-12,4.8096193187358605e-12,2.824395190372256e-12,1.533328491251673,1.7028846866510743,0.16955619539940137
25,5,Sound + Light,10,"O1,O2,P3,P4,Cz,Fz",4.0293512596559256e-12,2.941534434640713e-12,4.002691276786579e-12,3.3549721186475423e-12,1.3698127114218472,1.1930624563282946,-0.1767502550935527
25,7,Sound + Light,40,"O1,O2,P3,P4,Cz,Fz",4.778686288908853e-12,3.5745003877790014e-12,3.965580588290858e-12,3.1985601973232635e-12,1.336882296962924,1.2398017681860358,-0.09708052877688811
25,8,Light,40,"O1,O2,P3,P4",3.747815491040131e-12,3.1912194541149274e-12,3.718873659488835e-12,3.1532132574238562e-12,1.1744148420151737,1.1793917365827382,0.00497689456756456
25,9,Sound,40,"Cz,Fz",4.265941523851065e-12,3.368085565489747e-12,4.006245345338879e-12,3.221372637627302e-12,1.2665775381602462,1.2436454257243812,-0.022932112435865015
26,1,Sound,10,"Cz,Fz",9.995123325975258e-12,6.214689487577175e-12,5.106481935393238e-12,2.6269485855129896e-12,1.6083061504448395,1.9438834713226967,0.3355773208778572
26,2,Vibration,10,"Fz,C3,Cz,C4,P3,Pz,P4",6.7038632405392146e-12,3.920463086051083e-12,1.2957530712850859e-11,2.7899708512680386e-12,1.7099671884149106,4.644324763092659,2.934357574677749
26,3,Light,10,"O1,O2,P3,P4",7.525381522019752e-12,2.7658516362849905e-12,5.213067389898315e-12,3.5710695649653175e-12,2.7208189417302293,1.45980561147342,-1.2610133302568094
26,4,Vibration,40,"Fz,C3,Cz,C4,P3,Pz,P4",7.704194623818896e-12,4.3806012049025864e-12,6.667439394513507e-12,3.5850370684935425e-12,1.758707141658246,1.8597965006022132,0.1010893589439672
26,5,Sound + Light,10,"O1,O2,P3,P4,Cz,Fz",7.474048367615593e-12,3.752875094197816e-12,5.868275471472974e-12,3.2555584711586248e-12,1.9915526576333296,1.8025403393797765,-0.18901231825355302
26,7,Sound + Light,40,"O1,O2,P3,P4,Cz,Fz",5.468627552435446e-12,3.102866473640662e-12,5.012277273326973e-12,2.8561281031572207e-12,1.7624437270802003,1.7549203300042118,-0.0075233970759884805
26,8,Light,40,"O1,O2,P3,P4",7.0336912745786795e-12,3.018434306922237e-12,5.454103542866988e-12,2.9381551419979025e-12,2.3302449413751267,1.8563020940950985,-0.4739428472800282
26,9,Sound,40,"Cz,Fz",6.036771123617032e-12,2.8025984319876802e-12,5.4264032542618646e-12,2.390878199528977e-12,2.153990758974195,2.2696276436544998,0.11563688468030486
27,1,Sound,10,"Cz,Fz",5.595292989663073e-11,6.505416234456108e-12,3.110498376679196e-11,5.599053111341483e-12,8.600976152805499,5.555400734418017,-3.0455754183874824
27,2,Vibration,10,"Fz,C3,Cz,C4,P3,Pz,P4",4.2638512036706703e-11,3.4906952019588927e-12,3.7316974844133755e-11,2.910535922645451e-12,12.214905504433332,12.821341442237046,0.6064359378037132
27,3,Light,10,"O1,O2,P3,P4",5.662712666688379e-11,3.4525248673141123e-12,3.727141724086855e-11,4.453180183242253e-12,16.4016564233864,8.36961804984323,-8.032038373543168
27,4,Vibration,40,"Fz,C3,Cz,C4,P3,Pz,P4",4.543699137985032e-11,3.729310660628609e-12,4.1082859767753125e-11,3.888628933665489e-12,12.183750702118097,10.564870155668904,-1.6188805464491924
27,5,Sound + Light,10,"O1,O2,P3,P4,Cz,Fz",5.7912087911339635e-11,3.641898563164857e-12,3.732894618668829e-11,3.5122405296537334e-12,15.90162024200182,10.628243103375523,-5.273377138626298
27,7,Sound + Light,40,"O1,O2,P3,P4,Cz,Fz",1.1596024784584563e-10,1.440389021438434e-10,4.984967235253503e-11,4.5854343865433005e-12,0.8050620083874478,10.871308615564747,10.066246607177298
27,8,Light,40,"O1,O2,P3,P4",4.112068135628284e-11,5.807186180221153e-12,6.761533413538449e-11,3.755463659111882e-12,7.080999313632623,18.004523614901558,10.923524301268934
27,9,Sound,40,"Cz,Fz",4.1377051285960293e-11,5.855712643010401e-12,3.0954102604071296e-11,4.7963995437622526e-12,7.066100030599947,6.453612198409805,-0.6124878321901424
28,1,Sound,10,"Cz,Fz",1.7264997369329341e-10,2.0834276521272915e-11,1.3785502030094493e-10,1.7393380949767122e-11,8.28682356773985,7.925717300108387,-0.36110626763146314
28,2,Vibration,10,"Fz,C3,Cz,C4,P3,Pz,P4",5.8111768535987304e-11,8.105361544406735e-12,5.239732440483519e-11,7.099785959295536e-12,7.169546752185099,7.38012733133637,0.21058057915127115
28,3,Light,10,"O1,O2,P3,P4",1.588454278842252e-11,5.01489461720217e-12,1.834471792822148e-11,3.655598894714585e-12,3.1674728984204603,5.018252400378233,1.8507795019577729
28,4,Vibration,40,"Fz,C3,Cz,C4,P3,Pz,P4",7.01482400383794e-11,1.2549141316627204e-11,7.619506738480125e-11,8.545832470020556e-12,5.589883663628464,8.916049741449935,3.3261660778214717
28,5,Sound + Light,10,"O1,O2,P3,P4,Cz,Fz",8.703006024251574e-11,1.2323434751998917e-11,8.085037795242627e-11,8.98096733056994e-12,7.0621593730919106,9.002413100560231,1.9402537274683205
28,7,Sound + Light,40,"O1,O2,P3,P4,Cz,Fz",1.0971901864568781e-10,1.6484030540084647e-11,9.11992568608444e-11,1.201332232567371e-11,6.656079554019341,7.5915100243287545,0.9354304703094138
28,8,Light,40,"O1,O2,P3,P4",4.878125186138276e-08,7.858160066617263e-10,3.818405155051642e-09,1.1683626042350465e-10,62.0771929406394,32.68167896859074,-29.39551397204866
28,9,Sound,40,"Cz,Fz",2.367039265704177e-10,3.0369465400993e-11,1.726767358899168e-10,1.8992802901411393e-11,7.794142025387055,9.091693142199926,1.2975511168128708
29,1,Sound,10,"Cz,Fz",1.3352328212881744e-11,2.196702592357789e-11,1.938149088793315e-11,1.8120522636363486e-11,0.6078350460063998,1.0695878522311055,0.4617528062247057
29,2,Vibration,10,"Fz,C3,Cz,C4,P3,Pz,P4",1.142295274765173e-11,6.216758700032494e-12,9.614624464635095e-12,8.66476010239801e-12,1.8374450897687287,1.1096238500560687,-0.72782123971266
29,3,Light,10,"O1,O2,P3,P4",4.341581530444115e-11,7.099012033291919e-12,4.920410798592231e-11,6.535948571513434e-12,6.115754572725886,7.528227532324177,1.4124729595982908
29,4,Vibration,40,"Fz,C3,Cz,C4,P3,Pz,P4",1.2510266710174618e-11,3.191918254274684e-11,8.784204154628242e-12,6.860307934063094e-12,0.39193568611666685,1.2804387556734202,0.8885030695567534
29,5,Sound + Light,10,"O1,O2,P3,P4,Cz,Fz",1.4589528725281144e-11,1.2482843212158847e-11,4.245402226458103e-11,1.676843088550733e-11,1.1687664803055677,2.531782642899123,1.3630161625935553
29,7,Sound + Light,40,"O1,O2,P3,P4,Cz,Fz",3.895440954381772e-11,1.8329528049182394e-11,2.4622649600142e-11,1.04631952011862e-11,2.1252270892787837,2.353262949481298,0.22803586020251432
29,8,Light,40,"O1,O2,P3,P4",4.7208397300375236e-11,6.635814303808059e-12,2.7710746004499276e-11,4.927589106573807e-12,7.114182998352441,5.623591051358335,-1.4905919469941065
29,9,Sound,40,"Cz,Fz",1.9134524890232788e-11,3.7100531194162395e-11,1.1865929776345473e-11,7.871434046046925e-12,0.5157480034475496,1.5074673441880142,0.9917193407404646
30,1,Sound,10,"Cz,Fz",1.8604060062163244e-11,3.815556137584988e-12,4.063775765940427e-11,4.186207166348439e-12,4.875844933561498,9.707536212273014,4.831691278711516
30,2,Vibration,10,"Fz,C3,Cz,C4,P3,Pz,P4",2.3361853065360288e-11,2.358620556183536e-12,2.5686929073518965e-11,2.9362829018558966e-12,9.90487978412344,8.748111109213413,-1.156768674910026
30,3,Light,10,"O1,O2,P3,P4",8.356361345153126e-12,1.416614853676565e-12,1.2162908739696884e-11,1.6499268361188534e-12,5.898823751188065,7.371786720135948,1.4729629689478836
30,4,Vibration,40,"Fz,C3,Cz,C4,P3,Pz,P4",1.9158737643653762e-11,2.172997977813542e-12,1.9027989491119286e-11,2.6522776993970802e-12,8.81673054428296,7.174207095827393,-1.6425234484555666
30,5,Sound + Light,10,"O1,O2,P3,P4,Cz,Fz",8.89613397914364e-12,1.7963103000633728e-12,1.6830419032512523e-11,2.02311275124485e-12,4.952448348612035,8.319071204586361,3.3666228559743265
30,7,Sound + Light,40,"O1,O2,P3,P4,Cz,Fz",7.467069952962237e-12,2.0682691191636744e-12,1.8065157706910918e-11,2.355122572723569e-12,3.610299009822098,7.670580680656277,4.060281670834179
30,8,Light,40,"O1,O2,P3,P4",7.818611113826296e-12,1.6267029045224167e-12,1.3485323714335615e-11,1.5614150526885502e-12,4.806416151400283,8.636604143860193,3.8301879924599103
30,9,Sound,40,"Cz,Fz",1.071730281585935e-11,2.535483122326487e-12,1.4457946172651895e-11,4.473199198894384e-12,4.226927295033799,3.2321266122522303,-0.9948006827815687
31,1,Sound,10,"Cz,Fz",7.28250019907186e-12,3.763505940013849e-12,6.8546112684532996e-12,1.2408177212771457e-12,1.935030876833175,5.524269319266333,3.5892384424331576
31,2,Vibration,10,"Fz,C3,Cz,C4,P3,Pz,P4",3.63439247484323e-10,4.814649523891653e-11,1.3371880815485523e-10,1.416597308630197e-11,7.548612742855625,9.439436835028081,1.8908240921724557
31,3,Light,10,"O1,O2,P3,P4",1.0165587157057591e-11,4.038618048617428e-12,9.927125645189418e-12,1.1622709944479916e-12,2.517095460546871,8.541145475203226,6.024050014656355
31,4,Vibration,40,"Fz,C3,Cz,C4,P3,Pz,P4",5.492596915409911e-10,5.113125471254867e-11,3.551278625380837e-10,2.7857621442956515e-11,10.74215163756174,12.747960670844487,2.0058090332827465
31,5,Sound + Light,10,"O1,O2,P3,P4,Cz,Fz",1.0380375094536578e-11,6.078130161373634e-12,9.64465472451756e-12,1.6144762920278353e-12,1.707823758119496,5.973859617599931,4.266035859480436
31,7,Sound + Light,40,"O1,O2,P3,P4,Cz,Fz",7.609155572942325e-12,2.330020865492542e-12,8.693632907224146e-12,1.0748831960389121e-12,3.2657027607063207,8.087979176957406,4.822276416251086
31,8,Light,40,"O1,O2,P3,P4",1.196679870789728e-11,2.488764842931701e-12,9.907991742178248e-12,1.2122900887748494e-12,4.808328413141958,8.172954504801197,3.3646260916592388
31,9,Sound,40,"Cz,Fz",8.416951352599744e-12,7.931603275931584e-12,6.509825455888764e-12,1.2520553567638031e-12,1.0611916733330506,5.199311213135783,4.138119539802732
32,1,Sound,10,"Cz,Fz",7.1532676957587915e-12,3.2407097013101524e-12,7.009344446325099e-12,2.2549010635000115e-12,2.2073151732371685,3.1084931218424887,0.9011779486053202
32,2,Vibration,10,"Fz,C3,Cz,C4,P3,Pz,P4",8.126749312777386e-12,2.400598888970467e-12,6.247431833012618e-12,2.1729256775197327e-12,3.385300788947155,2.875124491208413,-0.5101762977387421
32,3,Light,10,"O1,O2,P3,P4",8.145303164677042e-12,2.4470393616251306e-12,8.878454110591381e-12,2.5211638568805715e-12,3.328635939581934,3.5215696458447034,0.19293370626276962
32,4,Vibration,40,"Fz,C3,Cz,C4,P3,Pz,P4",6.607943633006123e-12,2.927150642915256e-12,7.581698021601102e-12,2.061550326181694e-12,2.2574661980584065,3.677668172982982,1.4202019749245753
32,5,Sound + Light,10,"O1,O2,P3,P4,Cz,Fz",7.336089828612667e-12,2.748751720652647e-12,9.30987570335862e-12,2.4431211043678606e-12,2.6688804861833177,3.810648472036134,1.1417679858528165
32,7,Sound + Light,40,"O1,O2,P3,P4,Cz,Fz",1.0266141010072815e-11,2.574614398701657e-12,7.943479454472877e-12,2.319179610464144e-12,3.987447990366981,3.425124737485565,-0.5623232528814159
32,8,Light,40,"O1,O2,P3,P4",7.905629005915878e-12,2.3190154084020533e-12,7.612063704456084e-12,2.0690031429403277e-12,3.4090454842485722,3.6790972166617073,0.27005173241313507
32,9,Sound,40,"Cz,Fz",6.7603562319416584e-12,2.936944127415792e-12,6.420148423050241e-12,2.3255305800128276e-12,2.3018334495488255,2.760724145375387,0.4588906958265615
33,1,Sound,10,"Cz,Fz",1.6682349829233878e-11,1.3849081195959113e-12,3.54202334342085e-11,1.4884688325542677e-12,12.045817042434162,23.796422645562597,11.750605603128434
33,2,Vibration,10,"Fz,C3,Cz,C4,P3,Pz,P4",1.7232648514287844e-11,2.127924960719055e-12,1.4909999287124533e-11,1.9549380849900463e-12,8.098334683975274,7.626839643466482,-0.4714950405087919
33,3,Light,10,"O1,O2,P3,P4",1.7014447258861952e-11,3.3731277666665896e-12,2.5531252098981573e-11,2.762042175501467e-12,5.04411585798781,9.243614136466329,4.199498278478519
33,4,Vibration,40,"Fz,C3,Cz,C4,P3,Pz,P4",2.5321831748105073e-11,1.9269517361507414e-12,2.4923900109009304e-11,1.8549737145129875e-12,13.140874923358329,13.436255141519851,0.2953802181615224
33,5,Sound + Light,10,"O1,O2,P3,P4,Cz,Fz",1.6825090867776082e-11,2.4751516465806387e-12,1.9102687259743108e-11,2.0616819833658835e-12,6.7976000141322785,9.26558383585243,2.4679838217201517
33,7,Sound + Light,40,"O1,O2,P3,P4,Cz,Fz",1.758099162681515e-11,2.1820674449401854e-12,1.2284071513614352e-11,2.008323646284068e-12,8.057034014957809,6.116579634135736,-1.9404543808220733
33,8,Light,40,"O1,O2,P3,P4",1.3116577554346089e-11,3.2722895646371436e-12,1.7145038747222235e-11,2.709949155424621e-12,4.008379238834432,6.326701264081755,2.3183220252473227
33,9,Sound,40,"Cz,Fz",2.01679044197396e-11,2.4500962076382937e-12,2.2369559177343882e-11,1.4359293039067467e-12,8.23147448531416,15.57845439638484,7.3469799110706795
