Participant,Condition,Modality,Frequency,Channels,Baseline_Alpha_Power,Stim_Alpha_Power,Alpha_ERSP
10,1,Sound,10,"O1,O2,Oz,Pz",4.1695154050055406e-10,1.0401804985687885e-09,2.494727558315392
10,2,Vibration,10,"O1,O2,Oz,Pz",1.5362134033618572e-10,6.294196249545102e-10,4.097214772225558
10,3,Light,10,"O1,O2,Oz,Pz",2.2242456250095386e-08,5.54537948987087e-09,0.24931506788271593
10,4,Vibration,40,"O1,O2,Oz,Pz",1.0401298008253486e-06,6.358534955026268e-08,0.06113212937443708
10,5,Sound + Light,10,"O1,O2,Oz,Pz",9.652482985572804e-12,2.949030444452782e-07,30552.03981048798
10,6,No Stimulation,0,"O1,O2,Oz,Pz",9.220210013154241e-12,7.73852627390519e-12,0.839300434899512
10,7,Sound + Light,40,"O1,O2,Oz,Pz",1.472090661847559e-11,1.2301289889934513e-11,0.8356339870056427
10,8,Light,40,"O1,O2,Oz,Pz",1.4723845485099746e-11,7.84518137686635e-12,0.532821495906455
10,9,Sound,40,"O1,O2,Oz,Pz",1.4725057098450894e-11,1.0701782430354532e-11,0.7267735777731131
11,1,Sound,10,"O1,O2,Oz,Pz",1.3856436137416737e-11,9.678241590176264e-12,0.6984654274876617
11,2,Vibration,10,"O1,O2,Oz,Pz",1.2539700108743219e-11,9.927437255506424e-12,0.7916805959804881
11,3,Light,10,"O1,O2,Oz,Pz",1.2682822867452598e-11,1.0841119762995941e-11,0.854787603382608
11,4,Vibration,40,"O1,O2,Oz,Pz",1.2014150908176416e-11,1.104365380365481e-11,0.9192204998972403
11,5,Sound + Light,10,"O1,O2,Oz,Pz",1.2246668286217112e-11,1.0944103642292808e-11,0.8936392646977903
11,6,No Stimulation,0,"O1,O2,Oz,Pz",1.4894757418131976e-11,9.70506505570918e-12,0.6515759057542503
11,7,Sound + Light,40,"O1,O2,Oz,Pz",1.1334474390001507e-11,9.476914181225304e-12,0.8361141289079258
11,8,Light,40,"O1,O2,Oz,Pz",1.2329420432803846e-11,9.596535503698072e-12,0.7783444125374606
11,9,Sound,40,"O1,O2,Oz,Pz",1.3050188809494786e-11,9.454951688293164e-12,0.7245068884684738
12,1,Sound,10,"O1,O2,Oz,Pz",3.529522868206246e-11,1.285860502741702e-11,0.36431567403193926
12,2,Vibration,10,"O1,O2,Oz,Pz",3.529522868206246e-11,1.409111280792263e-11,0.3992356285563305
12,3,Light,10,"O1,O2,Oz,Pz",4.076834493069721e-11,2.0064080217220927e-11,0.49214851010822713
12,4,Vibration,40,"O1,O2,Oz,Pz",2.357840151226545e-11,1.73051700030987e-11,0.7339416115251314
12,5,Sound + Light,10,"O1,O2,Oz,Pz",3.8605697672451775e-11,2.0252383141185947e-11,0.5245957038004166
12,6,No Stimulation,0,"O1,O2,Oz,Pz",4.7455647149591347e-11,1.3172711800784178e-11,0.2775794366318659
12,7,Sound + Light,40,"O1,O2,Oz,Pz",4.5210090924074745e-11,1.3297182783847388e-11,0.2941197974182027
12,8,Light,40,"O1,O2,Oz,Pz",3.049474467768415e-11,1.2720251784093086e-11,0.4171293092806801
12,9,Sound,40,"O1,O2,Oz,Pz",7.69234513773161e-11,1.2751225725362929e-11,0.165765127500807
13,1,Sound,10,"O1,O2,Oz,Pz",5.246057125586555e-11,1.3618153496603056e-11,0.2595883569430332
13,2,Vibration,10,"O1,O2,Oz,Pz",3.422013936579023e-11,2.0902446338777523e-11,0.6108229459659547
13,3,Light,10,"O1,O2,Oz,Pz",9.988335355361119e-11,1.8420777707125375e-11,0.1844228998302329
13,4,Vibration,40,"O1,O2,Oz,Pz",2.8558499795939182e-11,1.388965235122185e-11,0.4863579127219022
13,5,Sound + Light,10,"O1,O2,Oz,Pz",2.8875644652488288e-11,1.516996786056766e-11,0.5253551234313456
13,6,No Stimulation,0,"O1,O2,Oz,Pz",2.4014331673052775e-11,9.733508208877321e-12,0.4053208034850119
13,7,Sound + Light,40,"O1,O2,Oz,Pz",2.5154762270326822e-11,9.22038423392328e-12,0.3665462680519892
13,8,Light,40,"O1,O2,Oz,Pz",4.71004271742011e-11,1.0409913670134658e-11,0.22101527087288517
13,9,Sound,40,"O1,O2,Oz,Pz",8.924909002212064e-11,1.3152265404435356e-11,0.14736582077392082
14,1,Sound,10,"O1,O2,Oz,Pz",2.5070242084622495e-10,2.6590782248320946e-11,0.106065119589057
14,2,Vibration,10,"O1,O2,Oz,Pz",3.8761418982574305e-11,3.846119611673387e-11,0.9922545955818747
14,3,Light,10,"O1,O2,Oz,Pz",6.120534543361908e-11,2.4555122801303827e-11,0.40119245512526924
14,4,Vibration,40,"O1,O2,Oz,Pz",3.901784621255976e-11,2.7372860115030342e-11,0.7015471834582986
14,5,Sound + Light,10,"O1,O2,Oz,Pz",2.0596774575222898e-11,2.2213381437194064e-11,1.0784883504971636
14,6,No Stimulation,0,"O1,O2,Oz,Pz",4.0548708834064043e-11,2.4547316093992045e-11,0.6053784892250479
14,7,Sound + Light,40,"O1,O2,Oz,Pz",3.917144458113599e-11,1.8897624010637115e-11,0.482433676182005
14,8,Light,40,"O1,O2,Oz,Pz",2.5840281033228374e-11,2.2243319811806264e-11,0.8608002282638982
14,9,Sound,40,"O1,O2,Oz,Pz",3.018752320368004e-11,2.5023704467583962e-11,0.8289419538908519
15,1,Sound,10,"O1,O2,Oz,Pz",2.7811607139996983e-11,2.705865169731677e-11,0.9729265756239827
15,2,Vibration,10,"O1,O2,Oz,Pz",2.964986146154441e-11,2.946549781508242e-11,0.9937819727521794
15,3,Light,10,"O1,O2,Oz,Pz",3.193963372565066e-11,2.919867645260475e-11,0.9141831964452163
15,4,Vibration,40,"O1,O2,Oz,Pz",3.124717372553552e-11,3.039042278350115e-11,0.9725814901034001
15,5,Sound + Light,10,"O1,O2,Oz,Pz",3.6801868420891284e-11,3.206555693444985e-11,0.8713024177937451
15,6,No Stimulation,0,"O1,O2,Oz,Pz",3.726429058293779e-11,2.9649184019879835e-11,0.7956460073724123
15,7,Sound + Light,40,"O1,O2,Oz,Pz",3.485206054990318e-11,2.967194988708257e-11,0.8513685968322181
15,8,Light,40,"O1,O2,Oz,Pz",3.5114937560260895e-11,2.7651715675455087e-11,0.7874630455486887
15,9,Sound,40,"O1,O2,Oz,Pz",3.584178855579224e-11,2.319366622542431e-11,0.6471124115170888
16,1,Sound,10,"O1,O2,Oz,Pz",5.5837127826804194e-11,3.521795013734706e-11,0.6307263913463856
16,2,Vibration,10,"O1,O2,Oz,Pz",2.711895181875126e-11,3.794786209951874e-11,1.3993115350896375
16,3,Light,10,"O1,O2,Oz,Pz",3.302475849752351e-11,4.911087936627012e-11,1.4870927631447446
16,4,Vibration,40,"O1,O2,Oz,Pz",3.214737839498007e-11,3.8623214726467714e-11,1.20144212855935
16,5,Sound + Light,10,"O1,O2,Oz,Pz",4.666062564445423e-11,4.921899486747911e-11,1.0548292953146237
16,6,No Stimulation,0,"O1,O2,Oz,Pz",1.2883143443815827e-10,4.310474180525324e-11,0.3345824875212765
16,7,Sound + Light,40,"O1,O2,Oz,Pz",7.390498617637837e-11,6.60965211396648e-11,0.8943445437080764
16,8,Light,40,"O1,O2,Oz,Pz",6.93031065286863e-11,4.9205325842096857e-11,0.7100017345070893
16,9,Sound,40,"O1,O2,Oz,Pz",2.496893090504043e-10,5.701179120454931e-11,0.22833092622736384
17,1,Sound,10,"O1,O2,Oz,Pz",3.785148257988585e-11,2.5563974101533803e-11,0.6753757675827052
17,2,Vibration,10,"O1,O2,Oz,Pz",3.805037206147567e-11,2.974456808247302e-11,0.781715564684007
17,3,Light,10,"O1,O2,Oz,Pz",3.730477205694528e-11,3.131037468101174e-11,0.8393128534123417
17,4,Vibration,40,"O1,O2,Oz,Pz",2.89944952895667e-11,2.8555248744373732e-11,0.9848506918017979
17,5,Sound + Light,10,"O1,O2,Oz,Pz",3.0148941321534297e-11,2.491231629607742e-11,0.8263081622134258
17,6,No Stimulation,0,"O1,O2,Oz,Pz",2.7246989212509598e-11,2.6373598243426676e-11,0.9679454136282356
17,7,Sound + Light,40,"O1,O2,Oz,Pz",3.182453973985295e-11,2.5103402783650012e-11,0.7888064678658573
17,8,Light,40,"O1,O2,Oz,Pz",2.704453056645283e-11,2.837306900926219e-11,1.0491241080907254
17,9,Sound,40,"O1,O2,Oz,Pz",2.4130711252386387e-11,2.5307241702704243e-11,1.0487565591420975
18,1,Sound,10,"O1,O2,Oz,Pz",7.28205102021223e-12,6.530755538787486e-12,0.8968291379256433
18,2,Vibration,10,"O1,O2,Oz,Pz",6.846302282566152e-12,6.876046098945679e-12,1.0043445081960913
18,3,Light,10,"O1,O2,Oz,Pz",6.563174197070321e-12,6.402383315799771e-12,0.9755010492724201
18,4,Vibration,40,"O1,O2,Oz,Pz",8.823844048682459e-12,7.0754071056732905e-12,0.8018508788955492
18,5,Sound + Light,10,"O1,O2,Oz,Pz",6.888957731638673e-12,6.255824320825036e-12,0.9080944555798524
18,6,No Stimulation,0,"O1,O2,Oz,Pz",7.77908656774422e-12,7.327129461288566e-12,0.9419010056618109
18,7,Sound + Light,40,"O1,O2,Oz,Pz",1.281663260762543e-11,6.625920504538344e-12,0.516978266241022
18,8,Light,40,"O1,O2,Oz,Pz",7.090809616868727e-12,6.8189651860589524e-12,0.9616624270713645
18,9,Sound,40,"O1,O2,Oz,Pz",8.571752119479717e-12,7.11503946828371e-12,0.8300566055934402
19,1,Sound,10,"O1,O2,Oz,Pz",2.6480871306327577e-11,7.330559117154545e-12,0.27682469479026983
19,2,Vibration,10,"O1,O2,Oz,Pz",3.87485275301134e-11,8.246996015231103e-12,0.21283379113753298
19,3,Light,10,"O1,O2,Oz,Pz",9.455695575603472e-12,7.605443417428201e-12,0.8043240559743606
19,4,Vibration,40,"O1,O2,Oz,Pz",1.837630117786363e-11,1.053896958214808e-11,0.573508753483181
19,5,Sound + Light,10,"O1,O2,Oz,Pz",8.829920173306391e-12,7.230406816875407e-12,0.8188530218804865
19,6,No Stimulation,0,"O1,O2,Oz,Pz",1.1560709712482051e-11,7.1098370321390726e-12,0.6150000483501986
19,7,Sound + Light,40,"O1,O2,Oz,Pz",1.190938839512788e-11,7.320508308340303e-12,0.6146838162852356
19,8,Light,40,"O1,O2,Oz,Pz",9.347611134167226e-12,7.513090111180594e-12,0.8037444009324347
19,9,Sound,40,"O1,O2,Oz,Pz",3.77637627921997e-11,7.511420920630335e-12,0.19890552119932967
20,1,Sound,10,"O1,O2,Oz,Pz",9.854169294127417e-12,7.57766636675506e-12,0.7689807370440616
20,2,Vibration,10,"O1,O2,Oz,Pz",7.536666063720737e-12,7.48032522290618e-12,0.9925244344995243
20,3,Light,10,"O1,O2,Oz,Pz",1.3500204265361917e-11,1.2583223605049191e-11,0.9320765343776712
20,4,Vibration,40,"O1,O2,Oz,Pz",9.676363153770987e-12,7.041715399282148e-12,0.7277233488842255
20,5,Sound + Light,10,"O1,O2,Oz,Pz",8.602732769147697e-12,1.0706247998504645e-11,1.2445170954165707
20,6,No Stimulation,0,"O1,O2,Oz,Pz",7.703128448758377e-12,6.76201379972471e-12,0.8778269562432962
20,7,Sound + Light,40,"O1,O2,Oz,Pz",1.309079129441626e-11,8.348990842356791e-12,0.6377758727173326
20,8,Light,40,"O1,O2,Oz,Pz",1.0141516563710254e-11,7.710770548522076e-12,0.7603173056102672
20,9,Sound,40,"O1,O2,Oz,Pz",8.878816466983245e-12,7.829364477565817e-12,0.8818027162381473
21,1,Sound,10,"O1,O2,Oz,Pz",1.0652913744173744e-11,1.363139481130334e-11,1.2795930896144332
21,2,Vibration,10,"O1,O2,Oz,Pz",1.2947999851724063e-11,1.488531635180391e-11,1.1496228392234564
21,3,Light,10,"O1,O2,Oz,Pz",1.2262031636943902e-11,1.2592577885478302e-11,1.0269568908579967
21,4,Vibration,40,"O1,O2,Oz,Pz",1.243041379416665e-11,1.3848162789221317e-11,1.1140548511522592
21,5,Sound + Light,10,"O1,O2,Oz,Pz",1.3733046271073631e-11,1.3526994016336546e-11,0.9849958814184512
21,6,No Stimulation,0,"O1,O2,Oz,Pz",1.4234924157597923e-11,1.4001317988779521e-11,0.9835892227993561
21,7,Sound + Light,40,"O1,O2,Oz,Pz",1.1922913398309124e-11,1.3285927542309e-11,1.114318883184472
21,8,Light,40,"O1,O2,Oz,Pz",1.3605924197027803e-11,1.3033820291058621e-11,0.9579518526132788
21,9,Sound,40,"O1,O2,Oz,Pz",9.795132287028044e-12,1.2078143506951608e-11,1.2330760987217106
22,1,Sound,10,"O1,O2,Oz,Pz",4.4304238045637986e-11,4.2976684759421966e-11,0.9700355238059054
22,2,Vibration,10,"O1,O2,Oz,Pz",5.655155681441805e-11,3.8903072890124345e-11,0.6879222267530193
22,3,Light,10,"O1,O2,Oz,Pz",3.882259734391267e-11,6.456609606766553e-11,1.6631060383647773
22,4,Vibration,40,"O1,O2,Oz,Pz",5.223470371414568e-11,5.527519026125811e-11,1.0582081706398008
22,5,Sound + Light,10,"O1,O2,Oz,Pz",3.293970429639069e-11,5.620222716853538e-11,1.7062152915165554
22,6,No Stimulation,0,"O1,O2,Oz,Pz",1.0659882397069284e-10,6.427558948295823e-11,0.6029671537523668
22,7,Sound + Light,40,"O1,O2,Oz,Pz",8.881111417289026e-11,7.101735193919053e-11,0.7996448710342685
22,8,Light,40,"O1,O2,Oz,Pz",9.532509234574028e-11,9.969155493860881e-11,1.045806014821696
22,9,Sound,40,"O1,O2,Oz,Pz",1.1318899521222051e-10,5.379833472684136e-11,0.4752965129337326
23,1,Sound,10,"O1,O2,Oz,Pz",1.6530495003440898e-11,1.60757450192716e-11,0.9724902379466168
23,2,Vibration,10,"O1,O2,Oz,Pz",2.3043663691537894e-11,1.691094438357271e-11,0.7338652659552029
23,3,Light,10,"O1,O2,Oz,Pz",1.81791447208184e-11,1.659570005946286e-11,0.9128977360776378
23,4,Vibration,40,"O1,O2,Oz,Pz",1.6956230469434265e-11,1.6989817101054047e-11,1.0019807840946917
23,5,Sound + Light,10,"O1,O2,Oz,Pz",1.7654448115431662e-11,1.5749149446207702e-11,0.8920782651054071
23,6,No Stimulation,0,"O1,O2,Oz,Pz",1.5589686985794057e-11,1.5775320111764737e-11,1.0119074312486092
23,7,Sound + Light,40,"O1,O2,Oz,Pz",1.7296098891778763e-11,1.3968475040367354e-11,0.8076084166590244
23,8,Light,40,"O1,O2,Oz,Pz",1.363435430672714e-11,1.446387553392269e-11,1.060840521562966
23,9,Sound,40,"O1,O2,Oz,Pz",3.411951937356333e-11,1.4636433214754472e-11,0.42897536317862534
24,1,Sound,10,"O1,O2,Oz,Pz",6.272740076549741e-12,6.442071268271931e-12,1.026994772564421
24,2,Vibration,10,"O1,O2,Oz,Pz",6.072042974141413e-12,6.514113523569766e-12,1.0728042524255788
24,3,Light,10,"O1,O2,Oz,Pz",6.89498955517438e-12,6.557578389871609e-12,0.9510642963846755
24,4,Vibration,40,"O1,O2,Oz,Pz",6.108718313917869e-12,6.277454367110734e-12,1.0276221695815344
24,5,Sound + Light,10,"O1,O2,Oz,Pz",6.3669660218202996e-12,6.517709344114042e-12,1.023675848398928
24,6,No Stimulation,0,"O1,O2,Oz,Pz",6.512971446998881e-12,6.581023658120461e-12,1.0104487194017928
24,7,Sound + Light,40,"O1,O2,Oz,Pz",6.3963690318518856e-12,7.194746686342476e-12,1.1248173222206104
24,8,Light,40,"O1,O2,Oz,Pz",7.521552599495027e-12,6.506433359995009e-12,0.865038603922258
24,9,Sound,40,"O1,O2,Oz,Pz",6.364436179114375e-12,6.16257219694517e-12,0.9682825035104218
25,1,Sound,10,"O1,O2,Oz,Pz",9.817888175166782e-12,8.273904225331034e-12,0.8427376720646425
25,2,Vibration,10,"O1,O2,Oz,Pz",1.094114217846125e-11,8.202100691692703e-12,0.7496567138885529
25,3,Light,10,"O1,O2,Oz,Pz",9.445273336681848e-12,8.850867011034825e-12,0.9370683828345576
25,4,Vibration,40,"O1,O2,Oz,Pz",1.0242268633678231e-11,7.98298957787511e-12,0.7794161492333594
25,5,Sound + Light,10,"O1,O2,Oz,Pz",9.053417527059268e-12,8.60096305623347e-12,0.9500239031864507
25,6,No Stimulation,0,"O1,O2,Oz,Pz",1.6718743308555574e-11,7.951947238607974e-12,0.4756306794027204
25,7,Sound + Light,40,"O1,O2,Oz,Pz",1.0127930151443461e-11,7.801740499259489e-12,0.7703193429061675
25,8,Light,40,"O1,O2,Oz,Pz",1.3568517237059478e-11,7.839464210728041e-12,0.5777686738913693
25,9,Sound,40,"O1,O2,Oz,Pz",8.737125179161771e-12,7.16230582242477e-12,0.8197554316272155
26,1,Sound,10,"O1,O2,Oz,Pz",1.860314050663457e-11,8.701076686942614e-12,0.46772084981240064
26,2,Vibration,10,"O1,O2,Oz,Pz",9.808382860420327e-12,1.6070487886723628e-11,1.638444187529905
26,3,Light,10,"O1,O2,Oz,Pz",1.0438083778553639e-11,8.430272097207815e-12,0.8076455675254182
26,4,Vibration,40,"O1,O2,Oz,Pz",1.1262554329164789e-11,8.510491431271853e-12,0.7556448726052872
26,5,Sound + Light,10,"O1,O2,Oz,Pz",1.1650048488822428e-11,8.848065457339965e-12,0.7594874361106042
26,6,No Stimulation,0,"O1,O2,Oz,Pz",9.35228836060418e-12,8.371729043664668e-12,0.895153006501591
26,7,Sound + Light,40,"O1,O2,Oz,Pz",9.106559977428473e-12,8.09651680021968e-12,0.8890861994307085
26,8,Light,40,"O1,O2,Oz,Pz",1.1082031766285203e-11,8.07743576524883e-12,0.7288767922343232
26,9,Sound,40,"O1,O2,Oz,Pz",1.0987999661054005e-11,8.502055083035316e-12,0.773758222178519
27,1,Sound,10,"O1,O2,Oz,Pz",8.012237775825512e-11,6.281090755375392e-11,0.7839371385515631
27,2,Vibration,10,"O1,O2,Oz,Pz",7.307768295072275e-11,5.3184840869421114e-11,0.7277849915587
27,3,Light,10,"O1,O2,Oz,Pz",8.103324620285524e-11,5.75467670188592e-11,0.710162429810587
27,4,Vibration,40,"O1,O2,Oz,Pz",8.30031255567477e-11,5.8060685889058665e-11,0.6994999947244595
27,5,Sound + Light,10,"O1,O2,Oz,Pz",9.285077604594454e-11,5.746451238959591e-11,0.6188910296362117
27,6,No Stimulation,0,"O1,O2,Oz,Pz",9.105892643963319e-11,6.105271469844936e-11,0.6704747912762159
27,7,Sound + Light,40,"O1,O2,Oz,Pz",6.961153905913584e-11,5.831164940625853e-11,0.837672176113246
27,8,Light,40,"O1,O2,Oz,Pz",5.828857410396908e-11,4.759556171492412e-11,0.8165504551548665
27,9,Sound,40,"O1,O2,Oz,Pz",4.998088794325985e-11,4.7836747675376196e-11,0.9571007968022145
28,1,Sound,10,"O1,O2,Oz,Pz",3.760870358149865e-11,1.5960205558082614e-11,0.42437531842852805
28,2,Vibration,10,"O1,O2,Oz,Pz",2.1082457103718496e-11,1.8587911826089377e-11,0.8816767293604911
28,3,Light,10,"O1,O2,Oz,Pz",2.3261152150504454e-11,2.1633781125835974e-11,0.93003910493603
28,4,Vibration,40,"O1,O2,Oz,Pz",2.3151265285007926e-11,2.3436113990986272e-11,1.0123038072637354
28,5,Sound + Light,10,"O1,O2,Oz,Pz",2.3901420224395574e-11,2.155899198642328e-11,0.9019962740297148
28,6,No Stimulation,0,"O1,O2,Oz,Pz",2.5012075689973174e-11,2.2634650137645002e-11,0.9049488902162073
28,7,Sound + Light,40,"O1,O2,Oz,Pz",2.056888672366579e-11,2.2460355623996465e-11,1.0919577673668854
28,8,Light,40,"O1,O2,Oz,Pz",2.6447608170815697e-11,2.0139910564364905e-11,0.7615021530222462
28,9,Sound,40,"O1,O2,Oz,Pz",2.8211452065248918e-11,2.615996944369016e-11,0.9272819202353009
29,1,Sound,10,"O1,O2,Oz,Pz",1.1681877977693874e-10,6.380256299475186e-11,0.5461670042828779
29,2,Vibration,10,"O1,O2,Oz,Pz",2.4169494022576975e-11,3.7454864538385185e-11,1.5496751609031703
29,3,Light,10,"O1,O2,Oz,Pz",7.415561836018336e-11,1.1004464691651428e-10,1.4839691091511542
29,4,Vibration,40,"O1,O2,Oz,Pz",2.3105240884605415e-10,3.626134412623557e-11,0.1569399094661498
29,5,Sound + Light,10,"O1,O2,Oz,Pz",3.258827917111412e-11,1.3134485114305005e-10,4.030432243856333
29,6,No Stimulation,0,"O1,O2,Oz,Pz",2.2541915504888012e-11,4.226774609473371e-11,1.8750733976253406
29,7,Sound + Light,40,"O1,O2,Oz,Pz",1.175818417119052e-10,6.767255874188838e-11,0.5755357949546092
29,8,Light,40,"O1,O2,Oz,Pz",1.2355461691233778e-10,6.645183488544027e-11,0.537833684779161
29,9,Sound,40,"O1,O2,Oz,Pz",1.1220978496259442e-10,9.83431577363546e-12,0.08764222992597097
30,1,Sound,10,"O1,O2,Oz,Pz",1.0410234920056869e-11,1.6909103117735343e-11,1.6242768052387977
30,2,Vibration,10,"O1,O2,Oz,Pz",1.5420728197609258e-11,1.3273599653329543e-11,0.8607634790805408
30,3,Light,10,"O1,O2,Oz,Pz",1.131239354263432e-11,1.4847035526904153e-11,1.3124574804570246
30,4,Vibration,40,"O1,O2,Oz,Pz",1.6484768918399105e-11,1.7034978403232612e-11,1.0333768394059442
30,5,Sound + Light,10,"O1,O2,Oz,Pz",1.0608922547238717e-11,1.5764286207101793e-11,1.4859460173177446
30,6,No Stimulation,0,"O1,O2,Oz,Pz",1.0693293144852992e-11,1.8120675146795853e-11,1.6945832215885606
30,7,Sound + Light,40,"O1,O2,Oz,Pz",1.2911638881836805e-11,1.6170365423639218e-11,1.2523867474629082
30,8,Light,40,"O1,O2,Oz,Pz",1.1033581989856414e-11,1.599576947101221e-11,1.4497349533195765
30,9,Sound,40,"O1,O2,Oz,Pz",1.343157597507853e-11,1.6063127732797705e-11,1.1959227839385236
31,1,Sound,10,"O1,O2,Oz,Pz",2.7187924863518974e-10,1.886728419243855e-10,0.6939582291458684
31,2,Vibration,10,"O1,O2,Oz,Pz",3.666240291240357e-10,3.5710077947856716e-10,0.9740244804242041
31,3,Light,10,"O1,O2,Oz,Pz",5.812699807536265e-10,9.760041236468525e-10,1.679089159879625
31,4,Vibration,40,"O1,O2,Oz,Pz",1.2836932888672728e-09,4.10488089641584e-10,0.3197711581119174
31,5,Sound + Light,10,"O1,O2,Oz,Pz",8.670750120687246e-10,8.214435300803933e-10,0.9473730861192036
31,6,No Stimulation,0,"O1,O2,Oz,Pz",1.3450254741076161e-09,9.16250164731628e-10,0.6812139861808434
31,7,Sound + Light,40,"O1,O2,Oz,Pz",6.343867224960266e-10,1.6568853268164636e-09,2.6117906760364793
31,8,Light,40,"O1,O2,Oz,Pz",1.606530075728391e-09,3.876033242102757e-10,0.24126739366179542
31,9,Sound,40,"O1,O2,Oz,Pz",9.997242183346424e-10,7.504022070778874e-10,0.7506092113362225
32,1,Sound,10,"O1,O2,Oz,Pz",1.3983201871198624e-11,1.2895525321287453e-11,0.9222154868441489
32,2,Vibration,10,"O1,O2,Oz,Pz",1.1881847153576487e-11,1.1163282549369388e-11,0.9395241669986634
32,3,Light,10,"O1,O2,Oz,Pz",1.354708881671396e-11,1.2423987154417298e-11,0.9170964568482776
32,4,Vibration,40,"O1,O2,Oz,Pz",1.2488357780543839e-11,1.3104029867836594e-11,1.0492996836022699
32,5,Sound + Light,10,"O1,O2,Oz,Pz",1.1727897653378963e-11,1.3938088935149046e-11,1.1884558807633607
32,6,No Stimulation,0,"O1,O2,Oz,Pz",1.480004381851268e-11,1.2148126220441832e-11,0.8208169090179525
32,7,Sound + Light,40,"O1,O2,Oz,Pz",1.5617599446684782e-11,1.2711328410519731e-11,0.8139105151155622
32,8,Light,40,"O1,O2,Oz,Pz",1.2695737951834755e-11,1.1962456960855162e-11,0.9422419560200814
32,9,Sound,40,"O1,O2,Oz,Pz",1.3316156246420584e-11,1.2275523343654508e-11,0.9218518554822605
33,1,Sound,10,"O1,O2,Oz,Pz",1.700152752421045e-11,5.12363632394796e-11,3.0136329318949833
33,2,Vibration,10,"O1,O2,Oz,Pz",3.5506865586147654e-11,2.850891556536207e-11,0.8029127633413042
33,3,Light,10,"O1,O2,Oz,Pz",3.584150149660611e-11,4.56989607440381e-11,1.2750291934160574
33,4,Vibration,40,"O1,O2,Oz,Pz",3.247912870801898e-11,3.953452756503872e-11,1.217228698480381
33,5,Sound + Light,10,"O1,O2,Oz,Pz",2.8560234074726743e-11,3.524307943363858e-11,1.233991267068275
33,6,No Stimulation,0,"O1,O2,Oz,Pz",1.965820803861542e-11,2.601077375496377e-11,1.323150803159156
33,7,Sound + Light,40,"O1,O2,Oz,Pz",3.215655245737167e-11,2.6845970504406556e-11,0.8348522603595305
33,8,Light,40,"O1,O2,Oz,Pz",2.6564206836097178e-11,3.5443778974947445e-11,1.3342682954412222
33,9,Sound,40,"O1,O2,Oz,Pz",2.9980243778285334e-11,3.5253674181206847e-11,1.1758968486687575
