Participant,Condition,Condition_Name,Band,Pre_dB,Post_dB,Difference_dB
10,1,10 Hz Sound,Alpha,-119.41064135404349,-119.70478555315236,-0.2941441991088709
10,2,10 Hz Vibration,Alpha,-119.89231512757816,-119.45816079147387,0.4341543361042852
10,3,10 Hz Light,Alpha,-117.69321804064187,-118.72423728413344,-1.0310192434915706
10,4,40 Hz Vibration,Alpha,-116.83800969911796,-118.11597297000637,-1.2779632708884066
10,5,10 Hz Sound + Light,Alpha,-120.04924827003404,-117.84494951404656,2.2042987559874803
10,6,No Stimulation,Alpha,-119.99395756047751,-120.76993254787567,-0.7759749873981576
10,7,40 Hz Sound + Light,Alpha,-119.23190136325134,-120.39161246515198,-1.1597111019006405
10,8,40 Hz Light,Alpha,-119.23106449086609,-120.49775234227702,-1.2666878514109357
10,9,40 Hz Sound,Alpha,-119.23165369046578,-120.33847688246667,-1.1068231920008884
11,1,10 Hz Sound,Alpha,-117.14528466879449,-117.96509299497407,-0.819808326179583
11,2,10 Hz Vibration,Alpha,-118.71328195859019,-117.96857304846426,0.7447089101259223
11,3,10 Hz Light,Alpha,-115.8137199985996,-117.58309386839156,-1.7693738697919628
11,4,40 Hz Vibration,Alpha,-115.67092464595866,-117.6644513783891,-1.993526732430439
11,5,10 Hz Sound + Light,Alpha,-117.19523433567204,-117.40726304534141,-0.2120287096693687
11,6,No Stimulation,Alpha,-117.34689438716042,-118.09900451930373,-0.752110132143315
11,7,40 Hz Sound + Light,Alpha,-116.88879467764583,-118.6910474023109,-1.8022527246650668
11,8,40 Hz Light,Alpha,-118.51433401973318,-118.3224297083397,0.19190431139348618
11,9,40 Hz Sound,Alpha,-116.1858204262483,-118.02379355675266,-1.8379731305043663
12,1,10 Hz Sound,Alpha,-119.02221083429275,-120.19845610851546,-1.1762452742227083
12,2,10 Hz Vibration,Alpha,-119.02221083429275,-119.86048729647142,-0.8382764621786691
12,3,10 Hz Light,Alpha,-119.2511727564268,-119.84575455280743,-0.5945817963806377
12,4,40 Hz Vibration,Alpha,-120.0186811307057,-120.28759675219622,-0.26891562149052106
12,5,10 Hz Sound + Light,Alpha,-119.07250211832019,-119.78832528297937,-0.7158231646591844
12,6,No Stimulation,Alpha,-118.0880600598091,-119.89205819546292,-1.8039981356538277
12,7,40 Hz Sound + Light,Alpha,-118.88480515900451,-120.29039019424881,-1.4055850352443002
12,8,40 Hz Light,Alpha,-118.1287556457657,-120.24944126833162,-2.1206856225659294
12,9,40 Hz Sound,Alpha,-118.37475767829228,-120.34903680415017,-1.9742791258578904
13,1,10 Hz Sound,Alpha,-118.01433351553537,-119.63409680270995,-1.6197632871745782
13,2,10 Hz Vibration,Alpha,-119.07846046303632,-119.62683183267694,-0.5483713696406198
13,3,10 Hz Light,Alpha,-118.0122382451243,-119.06327613110642,-1.0510378859821259
13,4,40 Hz Vibration,Alpha,-118.53820212166724,-118.97210198609142,-0.43389986442417694
13,5,10 Hz Sound + Light,Alpha,-119.05895155431134,-119.03714558261267,0.021805971698668714
13,6,No Stimulation,Alpha,-118.06011768522619,-120.08803664688723,-2.027918961661044
13,7,40 Hz Sound + Light,Alpha,-117.71508602805304,-120.41712676728513,-2.702040739232089
13,8,40 Hz Light,Alpha,-117.05969950707751,-119.90654039146894,-2.846840884391426
13,9,40 Hz Sound,Alpha,-117.9855970872499,-119.70428540230226,-1.7186883150523613
14,1,10 Hz Sound,Alpha,-115.47219866063432,-117.56120553291046,-2.089006872276144
14,2,10 Hz Vibration,Alpha,-117.26248586180417,-116.97810412544129,0.28438173636287445
14,3,10 Hz Light,Alpha,-115.75698879963697,-117.12300508789951,-1.3660162882625428
14,4,40 Hz Vibration,Alpha,-116.29418095947071,-117.02200119489508,-0.7278202354243746
14,5,10 Hz Sound + Light,Alpha,-118.03504200161058,-117.4017339522125,0.6333080493980816
14,6,No Stimulation,Alpha,-117.3926063209372,-117.33284344487298,0.05976287606422659
14,7,40 Hz Sound + Light,Alpha,-115.3562125269887,-117.6268992755806,-2.270686748591899
14,8,40 Hz Light,Alpha,-117.69454869572158,-117.11939242901224,0.5751562667093424
14,9,40 Hz Sound,Alpha,-117.14084805717462,-116.71191016501498,0.42893789215963807
15,1,10 Hz Sound,Alpha,-118.14009748970656,-117.42513434868202,0.7149631410245405
15,2,10 Hz Vibration,Alpha,-118.3843823533167,-117.11739194776958,1.2669904055471193
15,3,10 Hz Light,Alpha,-117.71050889752848,-117.62206082321495,0.08844807431353274
15,4,40 Hz Vibration,Alpha,-116.57619777584404,-117.29876848281086,-0.7225707069668204
15,5,10 Hz Sound + Light,Alpha,-117.64977444263141,-117.52014691263824,0.12962752999317217
15,6,No Stimulation,Alpha,-117.36039931448418,-117.61412271907683,-0.2537234045926482
15,7,40 Hz Sound + Light,Alpha,-116.69570168339646,-117.45945008170587,-0.7637483983094029
15,8,40 Hz Light,Alpha,-117.16200257674602,-117.66524376296034,-0.5032411862143249
15,9,40 Hz Sound,Alpha,-118.19858489057559,-117.65326550179209,0.5453193887834971
16,1,10 Hz Sound,Alpha,-116.73089321098317,-116.68037695638047,0.05051625460269804
16,2,10 Hz Vibration,Alpha,-117.87852939568448,-116.05302045857691,1.8255089371075712
16,3,10 Hz Light,Alpha,-117.9269618839902,-115.50849790433982,2.418463979650383
16,4,40 Hz Vibration,Alpha,-116.617198566831,-116.22121828835195,0.39598027847904405
16,5,10 Hz Sound + Light,Alpha,-116.11507383536461,-115.61621068811696,0.498863147247647
16,6,No Stimulation,Alpha,-114.97077779856339,-115.75018406420767,-0.7794062656442833
16,7,40 Hz Sound + Light,Alpha,-114.0364180438542,-114.55295723784786,-0.5165391939936654
16,8,40 Hz Light,Alpha,-113.71942469970487,-114.69301744394141,-0.9735927442365409
16,9,40 Hz Sound,Alpha,-111.53391524319555,-115.15490601723533,-3.6209907740397824
17,1,10 Hz Sound,Alpha,-115.84784075103961,-117.21822987945657,-1.37038912841696
17,2,10 Hz Vibration,Alpha,-116.34779930969005,-116.61787113772826,-0.27007182803821195
17,3,10 Hz Light,Alpha,-116.64686583209271,-116.50671481881257,0.14015101328014623
17,4,40 Hz Vibration,Alpha,-116.23156467673876,-117.10384211511848,-0.8722774383797258
17,5,10 Hz Sound + Light,Alpha,-116.80815269530684,-117.06223352471282,-0.25408082940597865
17,6,No Stimulation,Alpha,-116.58570733409987,-116.92756325781998,-0.34185592372011797
17,7,40 Hz Sound + Light,Alpha,-117.46529141940418,-116.91058364047144,0.5547077789327375
17,8,40 Hz Light,Alpha,-116.61837015206592,-116.9166425176576,-0.2982723655916857
17,9,40 Hz Sound,Alpha,-117.36191697133607,-117.10427883623268,0.2576381351033916
18,1,10 Hz Sound,Alpha,-121.62688811957867,-121.41268032050093,0.2142077990777409
18,2,10 Hz Vibration,Alpha,-121.57772028338519,-121.48278158035606,0.0949387030291291
18,3,10 Hz Light,Alpha,-121.37646419616374,-121.34129833844703,0.03516585771670577
18,4,40 Hz Vibration,Alpha,-121.36807976101893,-121.3354988239718,0.032580937047129055
18,5,10 Hz Sound + Light,Alpha,-121.64161857454843,-121.48486076820376,0.15675780634467174
18,6,No Stimulation,Alpha,-120.27150383363364,-121.1335162996752,-0.8620124660415485
18,7,40 Hz Sound + Light,Alpha,-121.18922085422665,-120.95417629908167,0.2350445551449809
18,8,40 Hz Light,Alpha,-121.26647388315378,-121.39798592238024,-0.1315120392264646
18,9,40 Hz Sound,Alpha,-121.03609055273519,-121.51370349941841,-0.47761294668322307
19,1,10 Hz Sound,Alpha,-118.06104003768165,-120.3440762649313,-2.283036227249653
19,2,10 Hz Vibration,Alpha,-119.3330825191664,-120.22831906508712,-0.8952365459207243
19,3,10 Hz Light,Alpha,-115.9087416123153,-119.954431316861,-4.045689704545708
19,4,40 Hz Vibration,Alpha,-119.7852165731686,-119.58653973472886,0.19867683843973794
19,5,10 Hz Sound + Light,Alpha,-119.61145450027671,-120.03734340612608,-0.42588890584937644
19,6,No Stimulation,Alpha,-119.9805739986755,-120.24106703152995,-0.26049303285445546
19,7,40 Hz Sound + Light,Alpha,-119.08809430995721,-120.6759442924577,-1.5878499825004866
19,8,40 Hz Light,Alpha,-120.71534304742515,-120.23078843546767,0.48455461195747773
19,9,40 Hz Sound,Alpha,-119.06313137389489,-120.8124196032865,-1.7492882293916097
20,1,10 Hz Sound,Alpha,-121.93781774373367,-121.5943649888641,0.34345275486957405
20,2,10 Hz Vibration,Alpha,-122.13927455803174,-121.55628847046971,0.5829860875620341
20,3,10 Hz Light,Alpha,-118.56860670100113,-120.55622019294391,-1.9876134919427813
20,4,40 Hz Vibration,Alpha,-121.40661805727686,-121.63582150952558,-0.22920345224872563
20,5,10 Hz Sound + Light,Alpha,-121.93697617250461,-121.01888771011615,0.918088462388468
20,6,No Stimulation,Alpha,-121.92646983314907,-121.73168559009598,0.1947842430530926
20,7,40 Hz Sound + Light,Alpha,-121.90266794903351,-121.51664866184531,0.3860192871882049
20,8,40 Hz Light,Alpha,-121.43177183657133,-121.48168329025997,-0.0499114536886367
20,9,40 Hz Sound,Alpha,-122.20064672747746,-121.67344130201688,0.5272054254605791
21,1,10 Hz Sound,Alpha,-118.37916831042506,-117.19436878278769,1.1847995276373666
21,2,10 Hz Vibration,Alpha,-117.43776660600415,-117.09755851268889,0.3402080933152547
21,3,10 Hz Light,Alpha,-117.03776598862598,-117.33838268534012,-0.3006166967141439
21,4,40 Hz Vibration,Alpha,-117.05725459656274,-117.16993387655272,-0.11267927998997607
21,5,10 Hz Sound + Light,Alpha,-117.4101699712886,-116.96005075050358,0.45011922078501243
21,6,No Stimulation,Alpha,-116.86281798374439,-116.93581095523285,-0.07299297148846051
21,7,40 Hz Sound + Light,Alpha,-117.46859954267119,-117.17302582954335,0.29557371312783687
21,8,40 Hz Light,Alpha,-117.50115040910809,-117.15592750315277,0.3452229059553247
21,9,40 Hz Sound,Alpha,-118.73545276401788,-117.64416681583162,1.091285948186254
22,1,10 Hz Sound,Alpha,-116.16589248888171,-115.76811421837428,0.3977782705074304
22,2,10 Hz Vibration,Alpha,-115.07110788892635,-115.77697847868654,-0.7058705897601953
22,3,10 Hz Light,Alpha,-115.27169070463293,-114.49025178905632,0.781438915576615
22,4,40 Hz Vibration,Alpha,-115.36809948444818,-114.51209273510763,0.8560067493405512
22,5,10 Hz Sound + Light,Alpha,-116.28285117827468,-115.05973219270005,1.2231189855746294
22,6,No Stimulation,Alpha,-113.93695070330598,-114.43206077912883,-0.4951100758228506
22,7,40 Hz Sound + Light,Alpha,-114.03354769803056,-114.51741590713335,-0.4838682091027948
22,8,40 Hz Light,Alpha,-113.70932657822917,-113.719611328068,-0.01028474983883143
22,9,40 Hz Sound,Alpha,-114.62339732447312,-115.09193384811446,-0.46853652364134746
23,1,10 Hz Sound,Alpha,-117.91932188312808,-118.01262068807914,-0.09329880495106124
23,2,10 Hz Vibration,Alpha,-117.90803730408469,-117.55673969344413,0.3512976106405574
23,3,10 Hz Light,Alpha,-118.24000152010895,-118.23177814685245,0.00822337325649869
23,4,40 Hz Vibration,Alpha,-118.04276825168547,-117.67508126593168,0.36768698575379233
23,5,10 Hz Sound + Light,Alpha,-117.4508878761673,-118.29150743636984,-0.8406195602025406
23,6,No Stimulation,Alpha,-117.91786312705624,-117.99163256235737,-0.07376943530113067
23,7,40 Hz Sound + Light,Alpha,-118.10674548452194,-118.36690248345501,-0.26015699893306987
23,8,40 Hz Light,Alpha,-118.41723340647079,-118.49775191537162,-0.08051850890083756
23,9,40 Hz Sound,Alpha,-116.45246562529586,-118.26531105875972,-1.8128454334638633
24,1,10 Hz Sound,Alpha,-121.99352269527387,-121.98906473310163,0.004457962172239149
24,2,10 Hz Vibration,Alpha,-122.2006335611165,-121.96129556562424,0.23933799549226364
24,3,10 Hz Light,Alpha,-121.40964779481816,-121.75332592331567,-0.34367812849751544
24,4,40 Hz Vibration,Alpha,-122.23315259111841,-122.099493270612,0.1336593205064105
24,5,10 Hz Sound + Light,Alpha,-122.74179868383017,-121.49336426407041,1.2484344197597608
24,6,No Stimulation,Alpha,-122.21177355434327,-122.08006461841063,0.131708935932636
24,7,40 Hz Sound + Light,Alpha,-122.31751103218073,-122.1449430107759,0.1725680214048282
24,8,40 Hz Light,Alpha,-122.0543075230428,-122.0813715222589,-0.0270639992161108
24,9,40 Hz Sound,Alpha,-122.690923083236,-122.59028678366415,0.10063629957184617
25,1,10 Hz Sound,Alpha,-121.90031131113817,-121.54997246238217,0.35033884875599597
25,2,10 Hz Vibration,Alpha,-121.4058262727233,-121.49671673816896,-0.09089046544565349
25,3,10 Hz Light,Alpha,-121.60653740380266,-121.44901004946306,0.15752735433960652
25,4,40 Hz Vibration,Alpha,-120.92530686205609,-121.41508325768542,-0.4897763956293346
25,5,10 Hz Sound + Light,Alpha,-121.79818686017704,-121.52560750976743,0.27257935040961456
25,6,No Stimulation,Alpha,-121.38060077736793,-121.30603444192923,0.07456633543870339
25,7,40 Hz Sound + Light,Alpha,-121.12403044533194,-121.64243123083492,-0.5184007855029762
25,8,40 Hz Light,Alpha,-120.94687431090613,-121.69642633733605,-0.7495520264299245
25,9,40 Hz Sound,Alpha,-121.44478370829265,-121.8711630324921,-0.4263793241994591
26,1,10 Hz Sound,Alpha,-116.64422775695232,-119.84774309374447,-3.203515336792151
26,2,10 Hz Vibration,Alpha,-120.0738129038149,-118.9776107652832,1.0962021385316945
26,3,10 Hz Light,Alpha,-118.91483746049066,-119.95740377118321,-1.0425663106925498
26,4,40 Hz Vibration,Alpha,-119.58695623706008,-120.26191793290911,-0.674961695849035
26,5,10 Hz Sound + Light,Alpha,-118.52108457323769,-119.92222668514823,-1.401142111910545
26,6,No Stimulation,Alpha,-120.24961809806874,-120.24870195639062,0.0009161416781182652
26,7,40 Hz Sound + Light,Alpha,-120.47631907573454,-120.68486687722006,-0.20854780148552265
26,8,40 Hz Light,Alpha,-119.19815698300098,-120.16474305028031,-0.966586067279323
26,9,40 Hz Sound,Alpha,-120.02732455909236,-120.10954679991463,-0.08222224082226148
27,1,10 Hz Sound,Alpha,-112.61374779946328,-114.32877255349493,-1.7150247540316457
27,2,10 Hz Vibration,Alpha,-114.23992234883178,-114.95262737723786,-0.7127050284060772
27,3,10 Hz Light,Alpha,-113.85430859929869,-114.29882904157728,-0.4445204422785878
27,4,40 Hz Vibration,Alpha,-113.98943686784934,-114.57685188601229,-0.5874150181629574
27,5,10 Hz Sound + Light,Alpha,-113.83284672929436,-114.90171134675998,-1.0688646174656213
27,6,No Stimulation,Alpha,-113.92954345556545,-114.47510981213377,-0.5455663565683153
27,7,40 Hz Sound + Light,Alpha,-113.76339062989442,-114.66258064271635,-0.8991900128219328
27,8,40 Hz Light,Alpha,-114.17197250820915,-114.65505762870269,-0.48308512049354135
27,9,40 Hz Sound,Alpha,-113.20224041949135,-115.55593436375948,-2.35369394426813
28,1,10 Hz Sound,Alpha,-116.21158351267167,-117.4325674629669,-1.2209839502952349
28,2,10 Hz Vibration,Alpha,-116.81459493838264,-117.14479612254507,-0.3302011841624335
28,3,10 Hz Light,Alpha,-117.02268620631803,-116.80912513697272,0.21356106934530317
28,4,40 Hz Vibration,Alpha,-116.5543565288725,-116.5101426199932,0.04421390887929988
28,5,10 Hz Sound + Light,Alpha,-117.21011490764779,-116.9314213636992,0.2786935439485916
28,6,No Stimulation,Alpha,-117.1614189753577,-116.41832652192006,0.7430924534376402
28,7,40 Hz Sound + Light,Alpha,-116.94546909805898,-116.31951849636677,0.6259506016922103
28,8,40 Hz Light,Alpha,-114.62641549576394,-115.6025502630079,-0.9761347672439626
28,9,40 Hz Sound,Alpha,-115.52499975810879,-116.25458777975629,-0.7295880216475013
29,1,10 Hz Sound,Alpha,-117.26517635890343,-118.03277591547487,-0.7675995565714402
29,2,10 Hz Vibration,Alpha,-118.95434891289923,-118.81781816207771,0.136530750821521
29,3,10 Hz Light,Alpha,-116.84291163653772,-118.10028749051483,-1.2573758539771092
29,4,40 Hz Vibration,Alpha,-117.12789792352734,-119.21543110240212,-2.0875331788747786
29,5,10 Hz Sound + Light,Alpha,-119.57845367694834,-117.71456624793075,1.8638874290175949
29,6,No Stimulation,Alpha,-119.53678291119479,-118.73768229585191,0.7991006153428799
29,7,40 Hz Sound + Light,Alpha,-117.04127415667767,-117.80359784695831,-0.7623236902806383
29,8,40 Hz Light,Alpha,-118.26669227110345,-118.44283416110355,-0.17614189000009617
29,9,40 Hz Sound,Alpha,-117.51454994313514,-119.48359867909518,-1.969048735960044
30,1,10 Hz Sound,Alpha,-120.06053636962228,-118.28537916468849,1.775157204933791
30,2,10 Hz Vibration,Alpha,-118.70476868575436,-118.84869991558324,-0.14393122982887974
30,3,10 Hz Light,Alpha,-118.97925427458674,-118.37637564966705,0.6028786249196827
30,4,40 Hz Vibration,Alpha,-118.93406262257496,-118.47693691572162,0.45712570685333276
30,5,10 Hz Sound + Light,Alpha,-120.58901640826022,-118.24916269629638,2.3398537119638405
30,6,No Stimulation,Alpha,-119.76745608709936,-118.33809770789497,1.4293583792043876
30,7,40 Hz Sound + Light,Alpha,-120.14657373748027,-118.58825126965439,1.5583224678258745
30,8,40 Hz Light,Alpha,-119.81323773380944,-118.7540534229569,1.0591843108525438
30,9,40 Hz Sound,Alpha,-119.29608278705143,-118.43502312317126,0.8610596638801695
31,1,10 Hz Sound,Alpha,-118.6900881235348,-118.2872404812692,0.40284764226561265
31,2,10 Hz Vibration,Alpha,-117.06808289623324,-118.00727950046667,-0.9391966042334303
31,3,10 Hz Light,Alpha,-117.03692435258219,-117.05233287411114,-0.015408521528954111
31,4,40 Hz Vibration,Alpha,-116.83107624229014,-117.6804083248717,-0.8493320825815687
31,5,10 Hz Sound + Light,Alpha,-116.89902359577621,-116.77761928100772,0.12140431476849756
31,6,No Stimulation,Alpha,-116.53561832993901,-116.65273921614126,-0.11712088620224392
31,7,40 Hz Sound + Light,Alpha,-118.11911012493843,-116.80187320251979,1.317236922418644
31,8,40 Hz Light,Alpha,-116.29386299123473,-117.43129053148272,-1.1374275402479839
31,9,40 Hz Sound,Alpha,-116.23686151804604,-116.5889795902181,-0.35211807217206115
32,1,10 Hz Sound,Alpha,-120.34986763571365,-120.03189722255854,0.3179704131551091
32,2,10 Hz Vibration,Alpha,-120.92640617125853,-120.7477634617219,0.17864270953663208
32,3,10 Hz Light,Alpha,-119.84963521937995,-120.3170247349436,-0.46738951556365294
32,4,40 Hz Vibration,Alpha,-120.93094597368739,-120.29503779001575,0.6359081836716314
32,5,10 Hz Sound + Light,Alpha,-120.64718022994946,-119.6982375439026,0.9489426860468626
32,6,No Stimulation,Alpha,-119.83060675924051,-120.06047469805196,-0.22986793881145218
32,7,40 Hz Sound + Light,Alpha,-118.82858800363331,-120.19390846784216,-1.3653204642088497
32,8,40 Hz Light,Alpha,-120.37657886172458,-120.29843062583898,0.07814823588560671
32,9,40 Hz Sound,Alpha,-120.11646538166003,-120.21019691342099,-0.09373153176095173
33,1,10 Hz Sound,Alpha,-118.76080141339746,-116.4165925708708,2.3442088425266547
33,2,10 Hz Vibration,Alpha,-117.74916158133931,-118.2628171564038,-0.5136555750644902
33,3,10 Hz Light,Alpha,-117.36927555102595,-116.15456967602982,1.2147058749961275
33,4,40 Hz Vibration,Alpha,-117.64621172183195,-117.10867410947824,0.5375376123537023
33,5,10 Hz Sound + Light,Alpha,-118.43096655495822,-117.7132254942101,0.7177410607481107
33,6,No Stimulation,Alpha,-119.36413885286804,-118.43352273578827,0.9306161170797651
33,7,40 Hz Sound + Light,Alpha,-117.31438512840407,-119.33983021552214,-2.0254450871180723
33,8,40 Hz Light,Alpha,-118.65389130950517,-117.57790818487352,1.075983124631648
33,9,40 Hz Sound,Alpha,-118.80535745664494,-117.78677803311808,1.0185794235268588
