Participant,Mean_BPM,NoStim_BPM
P1,64.19741242111111,60.18939141
P10,78.1311854111111,75.6232569
P11,65.85821500666667,81.33822922
P12,80.64315490222222,78.54844062
P13,75.91962668888888,74.35281084
P14,74.87134034777779,75.88727864
P15,89.83113192888888,92.21331755
P16,80.1927079311111,81.4444547
P17,78.89399526888889,78.44281764
P18,67.61894966222222,68.1593764
P19,65.22117978666667,66.26239114
P2,80.87594094888888,79.82446171
P3,67.63038303333333,69.33047753
P4,75.51998205333332,75.1108732
P5,84.36612683888889,89.86418166
P6,67.04549297111112,64.62308495
P7,76.85737587777777,76.43606699
P8,62.79929476,63.28891714
P9,80.46874557222222,79.38741517
